virtuemart_product_id,product_name,product_sku,product_parent_sku,slug,VM_MULTIVARIANT_FIELD_LABEL1,Color,multi_variant_title,multi_variant_fields,product_price,published,category_path,product_desc,peso,Description
,"LENCERIA JULIETA-Art:651J",0101154580,,"LENCERIA JULIETA-Art-651J-0101154580",CONJUNTO,JULIETA,COM_VIRTUEMART_FIELD_MULTIVARIANT_LABEL,VM_MULTIVARIANT_FIELD_LABEL1~Color,1.0,Y,"Lenceria de Mujer/LENCERIA JULIETA","CONJUNTO LENCERIA JULIETA-Art:651J<br />CONJUNTO - JULIETA",1000,"651J CONJUNTO JULIETA"
,"LENCERIA JULIETA-Art:652J",0101154590,,"LENCERIA JULIETA-Art-652J-0101154590",CONJUNTO,JULIETA,COM_VIRTUEMART_FIELD_MULTIVARIANT_LABEL,VM_MULTIVARIANT_FIELD_LABEL1~Color,1.0,Y,"Lenceria de Mujer/LENCERIA JULIETA","CONJUNTO LENCERIA JULIETA-Art:652J<br />CONJUNTO - JULIETA",1000,"652J CONJUNTO JULIETA"
,"LENCERIA JULIETA-Art:653J",0101154600,,"LENCERIA JULIETA-Art-653J-0101154600",CONJUNTOS,JULIETA,COM_VIRTUEMART_FIELD_MULTIVARIANT_LABEL,VM_MULTIVARIANT_FIELD_LABEL1~Color,1.0,Y,"Lenceria de Mujer/LENCERIA JULIETA","CONJUNTO LENCERIA JULIETA-Art:653J<br />CONJUNTOS - JULIETA",1000,"653J CONJUNTOS JULIETA"
,"LENCERIA JULIETA-Art:ARTICULOS",0102011090,,"LENCERIA JULIETA-Art-ARTICULOS-0102011090",DE,OFERTA,COM_VIRTUEMART_FIELD_MULTIVARIANT_LABEL,VM_MULTIVARIANT_FIELD_LABEL1~Color,1.0,Y,"Lenceria de Mujer/LENCERIA JULIETA","CORPIÑO LENCERIA JULIETA-Art:ARTICULOS<br />DE - OFERTA",1000,"ARTICULOS DE OFERTA X2"
,"LENCERIA JULIETA-Art:BOLSA",0810000050,,"LENCERIA JULIETA-Art-BOLSA-0810000050",DE,CARTON,COM_VIRTUEMART_FIELD_MULTIVARIANT_LABEL,VM_MULTIVARIANT_FIELD_LABEL1~Color,1.0,Y,"Lenceria de Mujer/LENCERIA JULIETA","BOLSAS LENCERIA JULIETA-Art:BOLSA<br />DE - CARTON",1000,"BOLSA DE CARTON JULIETA"
,"LENCERIA JULIETA-Art:BOLSA",0810000030,,"LENCERIA JULIETA-Art-BOLSA-0810000030",DE,CARTON,COM_VIRTUEMART_FIELD_MULTIVARIANT_LABEL,VM_MULTIVARIANT_FIELD_LABEL1~Color,1.0,Y,"Lenceria de Mujer/LENCERIA JULIETA","BOLSO LENCERIA JULIETA-Art:BOLSA<br />DE - CARTON",1000,"BOLSA DE CARTON"
,"LENCERIA JULIETA-Art:BOLSA",0810000060,,"LENCERIA JULIETA-Art-BOLSA-0810000060",ECO,CHICA,COM_VIRTUEMART_FIELD_MULTIVARIANT_LABEL,VM_MULTIVARIANT_FIELD_LABEL1~Color,1.0,Y,"Lenceria de Mujer/LENCERIA JULIETA","BOLSAS LENCERIA JULIETA-Art:BOLSA<br />ECO - CHICA",1000,"BOLSA ECO CHICA JULIETA"
,"LENCERIA JULIETA-Art:BOLSA",0810000020,,"LENCERIA JULIETA-Art-BOLSA-0810000020",ECOLOGICA,CHICA,COM_VIRTUEMART_FIELD_MULTIVARIANT_LABEL,VM_MULTIVARIANT_FIELD_LABEL1~Color,1.0,Y,"Lenceria de Mujer/LENCERIA JULIETA","BOLSO LENCERIA JULIETA-Art:BOLSA<br />ECOLOGICA - CHICA",1000,"BOLSA ECOLOGICA CHICA"
,"LENCERIA JULIETA-Art:BOLSA",0810000010,,"LENCERIA JULIETA-Art-BOLSA-0810000010",ECOLOGICA,GRANDE,COM_VIRTUEMART_FIELD_MULTIVARIANT_LABEL,VM_MULTIVARIANT_FIELD_LABEL1~Color,1.0,Y,"Lenceria de Mujer/LENCERIA JULIETA","BOLSO LENCERIA JULIETA-Art:BOLSA<br />ECOLOGICA - GRANDE",1000,"BOLSA ECOLOGICA GRANDE"
,"LENCERIA JULIETA-Art:BOLSA",0810000040,,"LENCERIA JULIETA-Art-BOLSA-0810000040",ECO,MED,COM_VIRTUEMART_FIELD_MULTIVARIANT_LABEL,VM_MULTIVARIANT_FIELD_LABEL1~Color,1.0,Y,"Lenceria de Mujer/LENCERIA JULIETA","BOLSAS LENCERIA JULIETA-Art:BOLSA<br />ECO - MED",1000,"BOLSA ECO MED JULIETA"
8717,"LENCERIA JULIETA-Art:J010",0112015130,,"LENCERIA JULIETA-Art-J010-0112015130",PACK,X,COM_VIRTUEMART_FIELD_MULTIVARIANT_LABEL,VM_MULTIVARIANT_FIELD_LABEL1~Color,1.0,Y,"Lenceria de Mujer/LENCERIA JULIETA","PACK LENCERIA JULIETA-Art:J010<br />Hilo dental puntilla regulable<br />
Talles: Unico<br />
Colores: Unico",1000,"J010 PACK X 3 HILO DENTAL REG"
,"LENCERIA JULIETA-Art:J0106",0112018060,,"LENCERIA JULIETA-Art-J0106-0112018060",PACK,X3,COM_VIRTUEMART_FIELD_MULTIVARIANT_LABEL,VM_MULTIVARIANT_FIELD_LABEL1~Color,1.0,Y,"Lenceria de Mujer/LENCERIA JULIETA","PACK LENCERIA JULIETA-Art:J0106<br />PACK - X3",1000,"J0106 PACK X3 TANGA LESS"
8772,"LENCERIA JULIETA-Art:J1000",0102005970,,"LENCERIA JULIETA-Art-J1000-0102005970",T90,BLANCO,COM_VIRTUEMART_FIELD_MULTIVARIANT_LABEL,VM_MULTIVARIANT_FIELD_LABEL1~Color,1.0,Y,"Lenceria de Mujer/LENCERIA JULIETA","CORPIÑO LENCERIA JULIETA-Art:J1000<br />Soutien algodón y lycra liso con aro<br />
Talles: Unico<br />
Colores: Varios",3,"J1000 T90 BLANCO CORP"
8772,"LENCERIA JULIETA-Art:J1000",0102005980,,"LENCERIA JULIETA-Art-J1000-0102005980",T95,BLANCO,COM_VIRTUEMART_FIELD_MULTIVARIANT_LABEL,VM_MULTIVARIANT_FIELD_LABEL1~Color,1.0,Y,"Lenceria de Mujer/LENCERIA JULIETA","CORPIÑO LENCERIA JULIETA-Art:J1000<br />Soutien algodón y lycra liso con aro<br />
Talles: Unico<br />
Colores: Varios",4,"J1000 T95 BLANCO CORP"
8772,"LENCERIA JULIETA-Art:J1000",0102005990,,"LENCERIA JULIETA-Art-J1000-0102005990",T100,BLANCO,COM_VIRTUEMART_FIELD_MULTIVARIANT_LABEL,VM_MULTIVARIANT_FIELD_LABEL1~Color,1.0,Y,"Lenceria de Mujer/LENCERIA JULIETA","CORPIÑO LENCERIA JULIETA-Art:J1000<br />Soutien algodón y lycra liso con aro<br />
Talles: Unico<br />
Colores: Varios",5,"J1000 T100 BLANCO CORP"
8772,"LENCERIA JULIETA-Art:J1000",0102006000,,"LENCERIA JULIETA-Art-J1000-0102006000",T105,BLANCO,COM_VIRTUEMART_FIELD_MULTIVARIANT_LABEL,VM_MULTIVARIANT_FIELD_LABEL1~Color,1.0,Y,"Lenceria de Mujer/LENCERIA JULIETA","CORPIÑO LENCERIA JULIETA-Art:J1000<br />Soutien algodón y lycra liso con aro<br />
Talles: Unico<br />
Colores: Varios",6,"J1000 T105 BLANCO CORP"
8711,"LENCERIA JULIETA-Art:J101",0112015090,,"LENCERIA JULIETA-Art-J101-0112015090",Rojo,pack,COM_VIRTUEMART_FIELD_MULTIVARIANT_LABEL,VM_MULTIVARIANT_FIELD_LABEL1~Color,1.0,Y,"Lenceria de Mujer/LENCERIA JULIETA","PACK LENCERIA JULIETA-Art:J101<br />Pack x2 Culotte puntilla<br />
Talles: Único<br />
Colores: Varios",1000,"J101 Rojo pack x2"
8711,"LENCERIA JULIETA-Art:J101",0105003620,,"LENCERIA JULIETA-Art-J101-0105003620",CULOTTE,PUNT,COM_VIRTUEMART_FIELD_MULTIVARIANT_LABEL,VM_MULTIVARIANT_FIELD_LABEL1~Color,1.0,Y,"Lenceria de Mujer/LENCERIA JULIETA","BOMBACHA LENCERIA JULIETA-Art:J101<br />Pack x2 Culotte puntilla<br />
Talles: Único<br />
Colores: Varios",1000,"J101 CULOTTE PUNT ROSA"
8711,"LENCERIA JULIETA-Art:J101",0112002010,,"LENCERIA JULIETA-Art-J101-0112002010",PACK,X2,COM_VIRTUEMART_FIELD_MULTIVARIANT_LABEL,VM_MULTIVARIANT_FIELD_LABEL1~Color,1.0,Y,"Lenceria de Mujer/LENCERIA JULIETA","PACK LENCERIA JULIETA-Art:J101<br />Pack x2 Culotte puntilla<br />
Talles: Único<br />
Colores: Varios",1000,"J101 PACK X2 CULOTTE PUNTILLA"
8712,"LENCERIA JULIETA-Art:J102",0112015100,,"LENCERIA JULIETA-Art-J102-0112015100",Rojo,pack,COM_VIRTUEMART_FIELD_MULTIVARIANT_LABEL,VM_MULTIVARIANT_FIELD_LABEL1~Color,1.0,Y,"Lenceria de Mujer/LENCERIA JULIETA","PACK LENCERIA JULIETA-Art:J102<br />Pack x3 Less entera puntilla<br />
Talles: Único<br />
Colores: Varios",1000,"J102 Rojo pack x3"
8712,"LENCERIA JULIETA-Art:J102",0105003630,,"LENCERIA JULIETA-Art-J102-0105003630",LESS,PUNT,COM_VIRTUEMART_FIELD_MULTIVARIANT_LABEL,VM_MULTIVARIANT_FIELD_LABEL1~Color,1.0,Y,"Lenceria de Mujer/LENCERIA JULIETA","BOMBACHA LENCERIA JULIETA-Art:J102<br />Pack x3 Less entera puntilla<br />
Talles: Único<br />
Colores: Varios",1000,"J102 LESS PUNT ROSA"
8712,"LENCERIA JULIETA-Art:J102",0112002030,,"LENCERIA JULIETA-Art-J102-0112002030",PACK,X,COM_VIRTUEMART_FIELD_MULTIVARIANT_LABEL,VM_MULTIVARIANT_FIELD_LABEL1~Color,1.0,Y,"Lenceria de Mujer/LENCERIA JULIETA","PACK LENCERIA JULIETA-Art:J102<br />Pack x3 Less entera puntilla<br />
Talles: Único<br />
Colores: Varios",1000,"J102 PACK X 3 LESS ENTERA PUNT"
8713,"LENCERIA JULIETA-Art:J103",0105003640,,"LENCERIA JULIETA-Art-J103-0105003640",UNI,CULOTTE,COM_VIRTUEMART_FIELD_MULTIVARIANT_LABEL,VM_MULTIVARIANT_FIELD_LABEL1~Color,1.0,Y,"Lenceria de Mujer/LENCERIA JULIETA","BOMBACHA LENCERIA JULIETA-Art:J103<br />Pack x2 Culotte puntilla XL<br />
Talles: XL<br />
Colores: Varios",1000,"J103 UNI CULOTTE ROSA"
8713,"LENCERIA JULIETA-Art:J103",0112015110,,"LENCERIA JULIETA-Art-J103-0112015110",Rojo,pack,COM_VIRTUEMART_FIELD_MULTIVARIANT_LABEL,VM_MULTIVARIANT_FIELD_LABEL1~Color,1.0,Y,"Lenceria de Mujer/LENCERIA JULIETA","PACK LENCERIA JULIETA-Art:J103<br />Pack x2 Culotte puntilla XL<br />
Talles: XL<br />
Colores: Varios",1000,"J103 Rojo pack x2"
8713,"LENCERIA JULIETA-Art:J103",0112002020,,"LENCERIA JULIETA-Art-J103-0112002020",PACK,X2,COM_VIRTUEMART_FIELD_MULTIVARIANT_LABEL,VM_MULTIVARIANT_FIELD_LABEL1~Color,1.0,Y,"Lenceria de Mujer/LENCERIA JULIETA","PACK LENCERIA JULIETA-Art:J103<br />Pack x2 Culotte puntilla XL<br />
Talles: XL<br />
Colores: Varios",1000,"J103 PACK X2 CULOTTE PUNTILLA"
8714,"LENCERIA JULIETA-Art:J106",0112002040,,"LENCERIA JULIETA-Art-J106-0112002040",TU,PACK,COM_VIRTUEMART_FIELD_MULTIVARIANT_LABEL,VM_MULTIVARIANT_FIELD_LABEL1~Color,1.0,Y,"Lenceria de Mujer/LENCERIA JULIETA","PACK LENCERIA JULIETA-Art:J106<br />Pack x3  Less entera puntilla<br />
Talles: Único<br />
Colores: Varios",1000,"J106 TU PACK TIRITALESS"
8714,"LENCERIA JULIETA-Art:J106",0112015120,,"LENCERIA JULIETA-Art-J106-0112015120",Rojo,pack,COM_VIRTUEMART_FIELD_MULTIVARIANT_LABEL,VM_MULTIVARIANT_FIELD_LABEL1~Color,1.0,Y,"Lenceria de Mujer/LENCERIA JULIETA","PACK LENCERIA JULIETA-Art:J106<br />Pack x3  Less entera puntilla<br />
Talles: Único<br />
Colores: Varios",1000,"J106 Rojo pack x3"
8714,"LENCERIA JULIETA-Art:J106",0105003650,,"LENCERIA JULIETA-Art-J106-0105003650",LESS,REG,COM_VIRTUEMART_FIELD_MULTIVARIANT_LABEL,VM_MULTIVARIANT_FIELD_LABEL1~Color,1.0,Y,"Lenceria de Mujer/LENCERIA JULIETA","BOMBACHA LENCERIA JULIETA-Art:J106<br />Pack x3  Less entera puntilla<br />
Talles: Único<br />
Colores: Varios",1000,"J106 LESS REG ROSA"
8716,"LENCERIA JULIETA-Art:J110",0112015140,,"LENCERIA JULIETA-Art-J110-0112015140",PACK,X,COM_VIRTUEMART_FIELD_MULTIVARIANT_LABEL,VM_MULTIVARIANT_FIELD_LABEL1~Color,1.0,Y,"Lenceria de Mujer/LENCERIA JULIETA","PACK LENCERIA JULIETA-Art:J110<br />Pack x3  Hilo dental puntilla<br />
Talles: Unico<br />
Colores: Varios",1000,"J110 PACK X 3 HILO DENTAL"
,"LENCERIA JULIETA-Art:J1106",0112018080,,"LENCERIA JULIETA-Art-J1106-0112018080",PACK,X3,COM_VIRTUEMART_FIELD_MULTIVARIANT_LABEL,VM_MULTIVARIANT_FIELD_LABEL1~Color,1.0,Y,"Lenceria de Mujer/LENCERIA JULIETA","PACK LENCERIA JULIETA-Art:J1106<br />PACK - X3",1000,"J1106 PACK X3 TIRITAS LESS"
8715,"LENCERIA JULIETA-Art:J112",0105003660,,"LENCERIA JULIETA-Art-J112-0105003660",VEDETINA,PUNT,COM_VIRTUEMART_FIELD_MULTIVARIANT_LABEL,VM_MULTIVARIANT_FIELD_LABEL1~Color,1.0,Y,"Lenceria de Mujer/LENCERIA JULIETA","BOMBACHA LENCERIA JULIETA-Art:J112<br />Pack x3  Vedetina puntilla<br />
Talles: Único<br />
Colores: Varios",1000,"J112 VEDETINA PUNT ROSA"
8718,"LENCERIA JULIETA-Art:J204",0105031820,,"LENCERIA JULIETA-Art-J204-0105031820",LESS,ENTER,COM_VIRTUEMART_FIELD_MULTIVARIANT_LABEL,VM_MULTIVARIANT_FIELD_LABEL1~Color,1.0,Y,"Lenceria de Mujer/LENCERIA JULIETA","BOMB UNIDAD LENCERIA JULIETA-Art:J204<br />Pack x3 Less entera micro lisa<br />
Talles: Unico<br />
Colores: Varios",1000,"J204 LESS ENTER MICROF ROSA"
8718,"LENCERIA JULIETA-Art:J204",0112002050,,"LENCERIA JULIETA-Art-J204-0112002050",PACK,X3,COM_VIRTUEMART_FIELD_MULTIVARIANT_LABEL,VM_MULTIVARIANT_FIELD_LABEL1~Color,1.0,Y,"Lenceria de Mujer/LENCERIA JULIETA","PACK LENCERIA JULIETA-Art:J204<br />Pack x3 Less entera micro lisa<br />
Talles: Unico<br />
Colores: Varios",1000,"J204 PACK X3 COLALESS"
,"LENCERIA JULIETA-Art:J206",0105031890,,"LENCERIA JULIETA-Art-J206-0105031890",BOMBACHAS,ROSA,COM_VIRTUEMART_FIELD_MULTIVARIANT_LABEL,VM_MULTIVARIANT_FIELD_LABEL1~Color,1.0,Y,"Lenceria de Mujer/LENCERIA JULIETA","BOMB UNIDAD LENCERIA JULIETA-Art:J206<br />BOMBACHAS - ROSA",1000,"J206 BOMBACHAS ROSA UNIDAD"
8719,"LENCERIA JULIETA-Art:J207",0105031830,,"LENCERIA JULIETA-Art-J207-0105031830",LESS,REG,COM_VIRTUEMART_FIELD_MULTIVARIANT_LABEL,VM_MULTIVARIANT_FIELD_LABEL1~Color,1.0,Y,"Lenceria de Mujer/LENCERIA JULIETA","BOMB UNIDAD LENCERIA JULIETA-Art:J207<br />Pack x3 Less entera micro fibra lisa<br />
Talles: Unico<br />
Colores: Varios",1000,"J207 LESS REG MICROF ROSA"
8719,"LENCERIA JULIETA-Art:J207",0112002060,,"LENCERIA JULIETA-Art-J207-0112002060",PACK,X3,COM_VIRTUEMART_FIELD_MULTIVARIANT_LABEL,VM_MULTIVARIANT_FIELD_LABEL1~Color,1.0,Y,"Lenceria de Mujer/LENCERIA JULIETA","PACK LENCERIA JULIETA-Art:J207<br />Pack x3 Less entera micro fibra lisa<br />
Talles: Unico<br />
Colores: Varios",1000,"J207 PACK X3 TIRITA REGULABE"
,"LENCERIA JULIETA-Art:J215",0105031800,,"LENCERIA JULIETA-Art-J215-0105031800",VEDETINA,LISA,COM_VIRTUEMART_FIELD_MULTIVARIANT_LABEL,VM_MULTIVARIANT_FIELD_LABEL1~Color,1.0,Y,"Lenceria de Mujer/LENCERIA JULIETA","BOMB UNIDAD LENCERIA JULIETA-Art:J215<br />VEDETINA - LISA",1000,"J215 VEDETINA LISA ROSA"
8720,"LENCERIA JULIETA-Art:J250",0105031810,,"LENCERIA JULIETA-Art-J250-0105031810",CULOTTE,LESS,COM_VIRTUEMART_FIELD_MULTIVARIANT_LABEL,VM_MULTIVARIANT_FIELD_LABEL1~Color,1.0,Y,"Lenceria de Mujer/LENCERIA JULIETA","BOMB UNIDAD LENCERIA JULIETA-Art:J250<br />Pack x3 Culotte less liso<br />
Talles: Unico<br />
Colores: Varios",1000,"J250 CULOTTE LESS SURT ROSA"
,"LENCERIA JULIETA-Art:J400",0105031840,,"LENCERIA JULIETA-Art-J400-0105031840",BOMB,NENA,COM_VIRTUEMART_FIELD_MULTIVARIANT_LABEL,VM_MULTIVARIANT_FIELD_LABEL1~Color,1.0,Y,"Lenceria de Mujer/LENCERIA JULIETA","BOMB UNIDAD LENCERIA JULIETA-Art:J400<br />BOMB - NENA",1000,"J400 BOMB NENA T4 ROSA"
,"LENCERIA JULIETA-Art:J400",0105031850,,"LENCERIA JULIETA-Art-J400-0105031850",BOMB,NENA,COM_VIRTUEMART_FIELD_MULTIVARIANT_LABEL,VM_MULTIVARIANT_FIELD_LABEL1~Color,1.0,Y,"Lenceria de Mujer/LENCERIA JULIETA","BOMB UNIDAD LENCERIA JULIETA-Art:J400<br />BOMB - NENA",1000,"J400 BOMB NENA T6 ROSA"
,"LENCERIA JULIETA-Art:J400",0105031860,,"LENCERIA JULIETA-Art-J400-0105031860",BOMB,NENA,COM_VIRTUEMART_FIELD_MULTIVARIANT_LABEL,VM_MULTIVARIANT_FIELD_LABEL1~Color,1.0,Y,"Lenceria de Mujer/LENCERIA JULIETA","BOMB UNIDAD LENCERIA JULIETA-Art:J400<br />BOMB - NENA",1000,"J400 BOMB NENA T8 ROSA"
,"LENCERIA JULIETA-Art:J400",0105031870,,"LENCERIA JULIETA-Art-J400-0105031870",BOMB,NENA,COM_VIRTUEMART_FIELD_MULTIVARIANT_LABEL,VM_MULTIVARIANT_FIELD_LABEL1~Color,1.0,Y,"Lenceria de Mujer/LENCERIA JULIETA","BOMB UNIDAD LENCERIA JULIETA-Art:J400<br />BOMB - NENA",1000,"J400 BOMB NENA T10 ROSA"
,"LENCERIA JULIETA-Art:J400",0105031880,,"LENCERIA JULIETA-Art-J400-0105031880",BOMB,NENA,COM_VIRTUEMART_FIELD_MULTIVARIANT_LABEL,VM_MULTIVARIANT_FIELD_LABEL1~Color,1.0,Y,"Lenceria de Mujer/LENCERIA JULIETA","BOMB UNIDAD LENCERIA JULIETA-Art:J400<br />BOMB - NENA",1000,"J400 BOMB NENA T12 ROSA"
8721,"LENCERIA JULIETA-Art:J402",0112002390,,"LENCERIA JULIETA-Art-J402-0112002390",T4,PACK,COM_VIRTUEMART_FIELD_MULTIVARIANT_LABEL,VM_MULTIVARIANT_FIELD_LABEL1~Color,1.0,Y,"Lenceria de Mujer/LENCERIA JULIETA","PACK LENCERIA JULIETA-Art:J402<br />Bombacha de nena<br />
Talles: Unico<br />
Colores: Varios",5,"J402 T4 PACK X 3 BOMB NENA ALG"
8721,"LENCERIA JULIETA-Art:J402",0112002680,,"LENCERIA JULIETA-Art-J402-0112002680",T6,PACK,COM_VIRTUEMART_FIELD_MULTIVARIANT_LABEL,VM_MULTIVARIANT_FIELD_LABEL1~Color,1.0,Y,"Lenceria de Mujer/LENCERIA JULIETA","PACK LENCERIA JULIETA-Art:J402<br />Bombacha de nena<br />
Talles: Unico<br />
Colores: Varios",7,"J402 T6 PACK X 3 BOMB NENA ALG"
8721,"LENCERIA JULIETA-Art:J402",0112002690,,"LENCERIA JULIETA-Art-J402-0112002690",T8,PACK,COM_VIRTUEMART_FIELD_MULTIVARIANT_LABEL,VM_MULTIVARIANT_FIELD_LABEL1~Color,1.0,Y,"Lenceria de Mujer/LENCERIA JULIETA","PACK LENCERIA JULIETA-Art:J402<br />Bombacha de nena<br />
Talles: Unico<br />
Colores: Varios",9,"J402 T8 PACK X 3 BOMB NENA ALG"
8721,"LENCERIA JULIETA-Art:J402",0112002700,,"LENCERIA JULIETA-Art-J402-0112002700",T10,PACK,COM_VIRTUEMART_FIELD_MULTIVARIANT_LABEL,VM_MULTIVARIANT_FIELD_LABEL1~Color,1.0,Y,"Lenceria de Mujer/LENCERIA JULIETA","PACK LENCERIA JULIETA-Art:J402<br />Bombacha de nena<br />
Talles: Unico<br />
Colores: Varios",10,"J402 T10 PACK X 3 BOMB NENA AL"
8721,"LENCERIA JULIETA-Art:J402",0112002710,,"LENCERIA JULIETA-Art-J402-0112002710",T12,PACK,COM_VIRTUEMART_FIELD_MULTIVARIANT_LABEL,VM_MULTIVARIANT_FIELD_LABEL1~Color,1.0,Y,"Lenceria de Mujer/LENCERIA JULIETA","PACK LENCERIA JULIETA-Art:J402<br />Bombacha de nena<br />
Talles: Unico<br />
Colores: Varios",12,"J402 T12 PACK X 3 BOMB NENA AL"
4211,"LENCERIA JULIETA-Art:J410",0112002760,,"LENCERIA JULIETA-Art-J410-0112002760",LESS,PACK,COM_VIRTUEMART_FIELD_MULTIVARIANT_LABEL,VM_MULTIVARIANT_FIELD_LABEL1~Color,1.0,Y,"Lenceria de Mujer/LENCERIA JULIETA","PACK LENCERIA JULIETA-Art:J410<br />Pack x 3 Cola Less regulable lisa algodón.<br />
Talles: único<br />
Colores: Varios",1000,"J410 LESS PACK X3 LESS REG LIS"
4211,"LENCERIA JULIETA-Art:J410",0105027590,,"LENCERIA JULIETA-Art-J410-0105027590",LESS,REGUL,COM_VIRTUEMART_FIELD_MULTIVARIANT_LABEL,VM_MULTIVARIANT_FIELD_LABEL1~Color,1.0,Y,"Lenceria de Mujer/LENCERIA JULIETA","BOMBACHA LENCERIA JULIETA-Art:J410<br />Pack x 3 Cola Less regulable lisa algodón.<br />
Talles: único<br />
Colores: Varios",1000,"J410 LESS REGUL ROSA"
4211,"LENCERIA JULIETA-Art:J410",0112002070,,"LENCERIA JULIETA-Art-J410-0112002070",PACK,X3,COM_VIRTUEMART_FIELD_MULTIVARIANT_LABEL,VM_MULTIVARIANT_FIELD_LABEL1~Color,1.0,Y,"Lenceria de Mujer/LENCERIA JULIETA","PACK LENCERIA JULIETA-Art:J410<br />Pack x 3 Cola Less regulable lisa algodón.<br />
Talles: único<br />
Colores: Varios",1000,"J410 PACK X3 LESS REG"
8723,"LENCERIA JULIETA-Art:J411",0112002080,,"LENCERIA JULIETA-Art-J411-0112002080",PACK,X3,COM_VIRTUEMART_FIELD_MULTIVARIANT_LABEL,VM_MULTIVARIANT_FIELD_LABEL1~Color,1.0,Y,"Lenceria de Mujer/LENCERIA JULIETA","PACK LENCERIA JULIETA-Art:J411<br />Pack x 3  1 unidad lisas 2 estampada<br />
Talles: Unico<br />
Colores: Varios",1000,"J411 PACK X3 LESS REG"
8723,"LENCERIA JULIETA-Art:J411",0112002770,,"LENCERIA JULIETA-Art-J411-0112002770",PACK,X3,COM_VIRTUEMART_FIELD_MULTIVARIANT_LABEL,VM_MULTIVARIANT_FIELD_LABEL1~Color,1.0,Y,"Lenceria de Mujer/LENCERIA JULIETA","PACK LENCERIA JULIETA-Art:J411<br />Pack x 3  1 unidad lisas 2 estampada<br />
Talles: Unico<br />
Colores: Varios",1000,"J411 PACK X3 LESS REG SURT"
8724,"LENCERIA JULIETA-Art:J412",0112002090,,"LENCERIA JULIETA-Art-J412-0112002090",PACK,X3,COM_VIRTUEMART_FIELD_MULTIVARIANT_LABEL,VM_MULTIVARIANT_FIELD_LABEL1~Color,1.0,Y,"Lenceria de Mujer/LENCERIA JULIETA","PACK LENCERIA JULIETA-Art:J412<br />Pack x 3  2 unidades lisas 1 estampada<br />
Talles: Unico<br />
Colores: Varios",1000,"J412 PACK X3 LESS REG"
8724,"LENCERIA JULIETA-Art:J412",0112002780,,"LENCERIA JULIETA-Art-J412-0112002780",PACK,X3,COM_VIRTUEMART_FIELD_MULTIVARIANT_LABEL,VM_MULTIVARIANT_FIELD_LABEL1~Color,1.0,Y,"Lenceria de Mujer/LENCERIA JULIETA","PACK LENCERIA JULIETA-Art:J412<br />Pack x 3  2 unidades lisas 1 estampada<br />
Talles: Unico<br />
Colores: Varios",1000,"J412 PACK X3 LESS REG SURT"
8722,"LENCERIA JULIETA-Art:J413",0112002100,,"LENCERIA JULIETA-Art-J413-0112002100",PACK,X3,COM_VIRTUEMART_FIELD_MULTIVARIANT_LABEL,VM_MULTIVARIANT_FIELD_LABEL1~Color,1.0,Y,"Lenceria de Mujer/LENCERIA JULIETA","PACK LENCERIA JULIETA-Art:J413<br />Pack x 3 unidades estampadas<br />
Talles: Unico<br />
Colores: Varios",1000,"J413 PACK X3 LESS REG"
8722,"LENCERIA JULIETA-Art:J413",0112002790,,"LENCERIA JULIETA-Art-J413-0112002790",PACK,X3,COM_VIRTUEMART_FIELD_MULTIVARIANT_LABEL,VM_MULTIVARIANT_FIELD_LABEL1~Color,1.0,Y,"Lenceria de Mujer/LENCERIA JULIETA","PACK LENCERIA JULIETA-Art:J413<br />Pack x 3 unidades estampadas<br />
Talles: Unico<br />
Colores: Varios",1000,"J413 PACK X3 LESS REG ESTAMP"
4212,"LENCERIA JULIETA-Art:J420",0105003670,,"LENCERIA JULIETA-Art-J420-0105003670",LESS,ENTERA,COM_VIRTUEMART_FIELD_MULTIVARIANT_LABEL,VM_MULTIVARIANT_FIELD_LABEL1~Color,1.0,Y,"Lenceria de Mujer/LENCERIA JULIETA","BOMBACHA LENCERIA JULIETA-Art:J420<br />Pack x 3 Cola Less lisa.<br />
Talles: Único - XL - 4 - 5<br />
Colores: Varios",1000,"J420 LESS ENTERA ROSA"
4212,"LENCERIA JULIETA-Art:J420",0105003680,,"LENCERIA JULIETA-Art-J420-0105003680",LESS,ENTERA,COM_VIRTUEMART_FIELD_MULTIVARIANT_LABEL,VM_MULTIVARIANT_FIELD_LABEL1~Color,1.0,Y,"Lenceria de Mujer/LENCERIA JULIETA","BOMBACHA LENCERIA JULIETA-Art:J420<br />Pack x 3 Cola Less lisa.<br />
Talles: Único - XL - 4 - 5<br />
Colores: Varios",1000,"J420 LESS ENTERA SIN COSTURA"
4212,"LENCERIA JULIETA-Art:J420",0105003690,,"LENCERIA JULIETA-Art-J420-0105003690",LESS,ENTERA,COM_VIRTUEMART_FIELD_MULTIVARIANT_LABEL,VM_MULTIVARIANT_FIELD_LABEL1~Color,1.0,Y,"Lenceria de Mujer/LENCERIA JULIETA","BOMBACHA LENCERIA JULIETA-Art:J420<br />Pack x 3 Cola Less lisa.<br />
Talles: Único - XL - 4 - 5<br />
Colores: Varios",1000,"J420 LESS ENTERA SIN COSTURA T"
4212,"LENCERIA JULIETA-Art:J420",0112016940,,"LENCERIA JULIETA-Art-J420-0112016940",Less,Lisa,COM_VIRTUEMART_FIELD_MULTIVARIANT_LABEL,VM_MULTIVARIANT_FIELD_LABEL1~Color,1.0,Y,"Lenceria de Mujer/LENCERIA JULIETA","PACK LENCERIA JULIETA-Art:J420<br />Pack x 3 Cola Less lisa.<br />
Talles: Único - XL - 4 - 5<br />
Colores: Varios",1000,"J420 Less Lisa X2"
4212,"LENCERIA JULIETA-Art:J420",0112016950,,"LENCERIA JULIETA-Art-J420-0112016950",Less,Lisa,COM_VIRTUEMART_FIELD_MULTIVARIANT_LABEL,VM_MULTIVARIANT_FIELD_LABEL1~Color,1.0,Y,"Lenceria de Mujer/LENCERIA JULIETA","PACK LENCERIA JULIETA-Art:J420<br />Pack x 3 Cola Less lisa.<br />
Talles: Único - XL - 4 - 5<br />
Colores: Varios",1000,"J420 Less Lisa X2"
4212,"LENCERIA JULIETA-Art:J420",0112002800,,"LENCERIA JULIETA-Art-J420-0112002800",LESS,PACK,COM_VIRTUEMART_FIELD_MULTIVARIANT_LABEL,VM_MULTIVARIANT_FIELD_LABEL1~Color,1.0,Y,"Lenceria de Mujer/LENCERIA JULIETA","PACK LENCERIA JULIETA-Art:J420<br />Pack x 3 Cola Less lisa.<br />
Talles: Único - XL - 4 - 5<br />
Colores: Varios",1000,"J420 LESS PACK X3 JULIETA"
4212,"LENCERIA JULIETA-Art:J420",0112002110,,"LENCERIA JULIETA-Art-J420-0112002110",PACK,X3,COM_VIRTUEMART_FIELD_MULTIVARIANT_LABEL,VM_MULTIVARIANT_FIELD_LABEL1~Color,1.0,Y,"Lenceria de Mujer/LENCERIA JULIETA","PACK LENCERIA JULIETA-Art:J420<br />Pack x 3 Cola Less lisa.<br />
Talles: Único - XL - 4 - 5<br />
Colores: Varios",1000,"J420 PACK X3 LESS ENT"
4212,"LENCERIA JULIETA-Art:J420",0112002400,,"LENCERIA JULIETA-Art-J420-0112002400",PACK,X3,COM_VIRTUEMART_FIELD_MULTIVARIANT_LABEL,VM_MULTIVARIANT_FIELD_LABEL1~Color,1.0,Y,"Lenceria de Mujer/LENCERIA JULIETA","PACK LENCERIA JULIETA-Art:J420<br />Pack x 3 Cola Less lisa.<br />
Talles: Único - XL - 4 - 5<br />
Colores: Varios",1000,"J420 PACK X3 LESS ENTERA SIN C"
4212,"LENCERIA JULIETA-Art:J420",0112002560,,"LENCERIA JULIETA-Art-J420-0112002560",PACK,X3,COM_VIRTUEMART_FIELD_MULTIVARIANT_LABEL,VM_MULTIVARIANT_FIELD_LABEL1~Color,1.0,Y,"Lenceria de Mujer/LENCERIA JULIETA","PACK LENCERIA JULIETA-Art:J420<br />Pack x 3 Cola Less lisa.<br />
Talles: Único - XL - 4 - 5<br />
Colores: Varios",1000,"J420 PACK X3 TXL LESS ENTERA S"
4213,"LENCERIA JULIETA-Art:J420XL",0112002310,,"LENCERIA JULIETA-Art-J420XL-0112002310",PACK,X3,COM_VIRTUEMART_FIELD_MULTIVARIANT_LABEL,VM_MULTIVARIANT_FIELD_LABEL1~Color,1.0,Y,"Lenceria de Mujer/LENCERIA JULIETA","PACK LENCERIA JULIETA-Art:J420XL<br />PACK - X3",1000,"J420XL PACK X3 LESS ENT XL"
4213,"LENCERIA JULIETA-Art:J420XL",0112002810,,"LENCERIA JULIETA-Art-J420XL-0112002810",PACK,X3,COM_VIRTUEMART_FIELD_MULTIVARIANT_LABEL,VM_MULTIVARIANT_FIELD_LABEL1~Color,1.0,Y,"Lenceria de Mujer/LENCERIA JULIETA","PACK LENCERIA JULIETA-Art:J420XL<br />PACK - X3",1000,"J420XL PACK X3 LESS ENTERA LIS"
,"LENCERIA JULIETA-Art:J420XLUNI",0105003700,,"LENCERIA JULIETA-Art-J420XLUNI-0105003700",LESS,ENTERA,COM_VIRTUEMART_FIELD_MULTIVARIANT_LABEL,VM_MULTIVARIANT_FIELD_LABEL1~Color,1.0,Y,"Lenceria de Mujer/LENCERIA JULIETA","BOMBACHA LENCERIA JULIETA-Art:J420XLUNI<br />LESS - ENTERA",1000,"J420XLUNI LESS ENTERA ROSA"
4214,"LENCERIA JULIETA-Art:J421",0112002820,,"LENCERIA JULIETA-Art-J421-0112002820",LES,ENTERA,COM_VIRTUEMART_FIELD_MULTIVARIANT_LABEL,VM_MULTIVARIANT_FIELD_LABEL1~Color,1.0,Y,"Lenceria de Mujer/LENCERIA JULIETA","PACK LENCERIA JULIETA-Art:J421<br />Pack x 3 Cola Less lisa y estampada.<br />
Talles: único - XL - 4 - 5<br />
Colores: Varios",1000,"J421 LES ENTERA PACK X3"
4214,"LENCERIA JULIETA-Art:J421",0112016960,,"LENCERIA JULIETA-Art-J421-0112016960",Less,lis/est,COM_VIRTUEMART_FIELD_MULTIVARIANT_LABEL,VM_MULTIVARIANT_FIELD_LABEL1~Color,1.0,Y,"Lenceria de Mujer/LENCERIA JULIETA","PACK LENCERIA JULIETA-Art:J421<br />Pack x 3 Cola Less lisa y estampada.<br />
Talles: único - XL - 4 - 5<br />
Colores: Varios",1000,"J421 Less lis/est X2"
4214,"LENCERIA JULIETA-Art:J421",0112016970,,"LENCERIA JULIETA-Art-J421-0112016970",Less,lis/est,COM_VIRTUEMART_FIELD_MULTIVARIANT_LABEL,VM_MULTIVARIANT_FIELD_LABEL1~Color,1.0,Y,"Lenceria de Mujer/LENCERIA JULIETA","PACK LENCERIA JULIETA-Art:J421<br />Pack x 3 Cola Less lisa y estampada.<br />
Talles: único - XL - 4 - 5<br />
Colores: Varios",1000,"J421 Less lis/est X2"
4214,"LENCERIA JULIETA-Art:J421",0112002120,,"LENCERIA JULIETA-Art-J421-0112002120",PACK,X3,COM_VIRTUEMART_FIELD_MULTIVARIANT_LABEL,VM_MULTIVARIANT_FIELD_LABEL1~Color,1.0,Y,"Lenceria de Mujer/LENCERIA JULIETA","PACK LENCERIA JULIETA-Art:J421<br />Pack x 3 Cola Less lisa y estampada.<br />
Talles: único - XL - 4 - 5<br />
Colores: Varios",1000,"J421 PACK X3 LESS ENT"
4214,"LENCERIA JULIETA-Art:J421",0112002410,,"LENCERIA JULIETA-Art-J421-0112002410",PACK,X3,COM_VIRTUEMART_FIELD_MULTIVARIANT_LABEL,VM_MULTIVARIANT_FIELD_LABEL1~Color,1.0,Y,"Lenceria de Mujer/LENCERIA JULIETA","PACK LENCERIA JULIETA-Art:J421<br />Pack x 3 Cola Less lisa y estampada.<br />
Talles: único - XL - 4 - 5<br />
Colores: Varios",1000,"J421 PACK X3 LESS ENTERA SIN"
4214,"LENCERIA JULIETA-Art:J421",0112002570,,"LENCERIA JULIETA-Art-J421-0112002570",PACK,X3,COM_VIRTUEMART_FIELD_MULTIVARIANT_LABEL,VM_MULTIVARIANT_FIELD_LABEL1~Color,1.0,Y,"Lenceria de Mujer/LENCERIA JULIETA","PACK LENCERIA JULIETA-Art:J421<br />Pack x 3 Cola Less lisa y estampada.<br />
Talles: único - XL - 4 - 5<br />
Colores: Varios",1000,"J421 PACK X3 TXL LESS ENTERA S"
8702,"LENCERIA JULIETA-Art:J421XL",0112002830,,"LENCERIA JULIETA-Art-J421XL-0112002830",LES,ENTERA,COM_VIRTUEMART_FIELD_MULTIVARIANT_LABEL,VM_MULTIVARIANT_FIELD_LABEL1~Color,1.0,Y,"Lenceria de Mujer/LENCERIA JULIETA","PACK LENCERIA JULIETA-Art:J421XL<br />LES - ENTERA",1000,"J421XL LES ENTERA PACK X3"
8702,"LENCERIA JULIETA-Art:J421XL",0112002320,,"LENCERIA JULIETA-Art-J421XL-0112002320",PACK,X3,COM_VIRTUEMART_FIELD_MULTIVARIANT_LABEL,VM_MULTIVARIANT_FIELD_LABEL1~Color,1.0,Y,"Lenceria de Mujer/LENCERIA JULIETA","PACK LENCERIA JULIETA-Art:J421XL<br />PACK - X3",1000,"J421XL PACK X3 LESS ENT XL"
8760,"LENCERIA JULIETA-Art:J422",0112016980,,"LENCERIA JULIETA-Art-J422-0112016980",Less,est,COM_VIRTUEMART_FIELD_MULTIVARIANT_LABEL,VM_MULTIVARIANT_FIELD_LABEL1~Color,1.0,Y,"Lenceria de Mujer/LENCERIA JULIETA","PACK LENCERIA JULIETA-Art:J422<br />",1000,"J422 Less est X2"
8760,"LENCERIA JULIETA-Art:J422",0112016990,,"LENCERIA JULIETA-Art-J422-0112016990",Less,est,COM_VIRTUEMART_FIELD_MULTIVARIANT_LABEL,VM_MULTIVARIANT_FIELD_LABEL1~Color,1.0,Y,"Lenceria de Mujer/LENCERIA JULIETA","PACK LENCERIA JULIETA-Art:J422<br />",1000,"J422 Less est X2"
8760,"LENCERIA JULIETA-Art:J422",0112002130,,"LENCERIA JULIETA-Art-J422-0112002130",PACK,X3,COM_VIRTUEMART_FIELD_MULTIVARIANT_LABEL,VM_MULTIVARIANT_FIELD_LABEL1~Color,1.0,Y,"Lenceria de Mujer/LENCERIA JULIETA","PACK LENCERIA JULIETA-Art:J422<br />",1000,"J422 PACK X3 LESS ENT"
8760,"LENCERIA JULIETA-Art:J422",0112002420,,"LENCERIA JULIETA-Art-J422-0112002420",PACK,X3,COM_VIRTUEMART_FIELD_MULTIVARIANT_LABEL,VM_MULTIVARIANT_FIELD_LABEL1~Color,1.0,Y,"Lenceria de Mujer/LENCERIA JULIETA","PACK LENCERIA JULIETA-Art:J422<br />",1000,"J422 PACK X3 LESS ENTERA SIN C"
8760,"LENCERIA JULIETA-Art:J422",0112002580,,"LENCERIA JULIETA-Art-J422-0112002580",PACK,X3,COM_VIRTUEMART_FIELD_MULTIVARIANT_LABEL,VM_MULTIVARIANT_FIELD_LABEL1~Color,1.0,Y,"Lenceria de Mujer/LENCERIA JULIETA","PACK LENCERIA JULIETA-Art:J422<br />",1000,"J422 PACK X3 TXL LESS ENTERA S"
8760,"LENCERIA JULIETA-Art:J422",0112002840,,"LENCERIA JULIETA-Art-J422-0112002840",PACK,X3,COM_VIRTUEMART_FIELD_MULTIVARIANT_LABEL,VM_MULTIVARIANT_FIELD_LABEL1~Color,1.0,Y,"Lenceria de Mujer/LENCERIA JULIETA","PACK LENCERIA JULIETA-Art:J422<br />",1000,"J422 PACK X3 JULIETA"
8761,"LENCERIA JULIETA-Art:J422XL",0112002850,,"LENCERIA JULIETA-Art-J422XL-0112002850",LES,ENTERA,COM_VIRTUEMART_FIELD_MULTIVARIANT_LABEL,VM_MULTIVARIANT_FIELD_LABEL1~Color,1.0,Y,"Lenceria de Mujer/LENCERIA JULIETA","PACK LENCERIA JULIETA-Art:J422XL<br />LES - ENTERA",1000,"J422XL LES ENTERA PACK X3"
8761,"LENCERIA JULIETA-Art:J422XL",0112002330,,"LENCERIA JULIETA-Art-J422XL-0112002330",PACK,X3,COM_VIRTUEMART_FIELD_MULTIVARIANT_LABEL,VM_MULTIVARIANT_FIELD_LABEL1~Color,1.0,Y,"Lenceria de Mujer/LENCERIA JULIETA","PACK LENCERIA JULIETA-Art:J422XL<br />PACK - X3",1000,"J422XL PACK X3 LESS ENT XL"
8707,"LENCERIA JULIETA-Art:J423",0105003710,,"LENCERIA JULIETA-Art-J423-0105003710",LESS,ENTERA,COM_VIRTUEMART_FIELD_MULTIVARIANT_LABEL,VM_MULTIVARIANT_FIELD_LABEL1~Color,1.0,Y,"Lenceria de Mujer/LENCERIA JULIETA","BOMBACHA LENCERIA JULIETA-Art:J423<br />Pack x3 unidades estampadas.<br />
Talles: Único - XL - 4 - 5 <br />
Colores: Único",1000,"J423 LESS ENTERA SIN COSTURA"
8707,"LENCERIA JULIETA-Art:J423",0105003720,,"LENCERIA JULIETA-Art-J423-0105003720",LESS,ENTERA,COM_VIRTUEMART_FIELD_MULTIVARIANT_LABEL,VM_MULTIVARIANT_FIELD_LABEL1~Color,1.0,Y,"Lenceria de Mujer/LENCERIA JULIETA","BOMBACHA LENCERIA JULIETA-Art:J423<br />Pack x3 unidades estampadas.<br />
Talles: Único - XL - 4 - 5 <br />
Colores: Único",1000,"J423 LESS ENTERA SIN COSTURA T"
8707,"LENCERIA JULIETA-Art:J423",0112002140,,"LENCERIA JULIETA-Art-J423-0112002140",PACK,X3,COM_VIRTUEMART_FIELD_MULTIVARIANT_LABEL,VM_MULTIVARIANT_FIELD_LABEL1~Color,1.0,Y,"Lenceria de Mujer/LENCERIA JULIETA","PACK LENCERIA JULIETA-Art:J423<br />Pack x3 unidades estampadas.<br />
Talles: Único - XL - 4 - 5 <br />
Colores: Único",1000,"J423 PACK X3 LESS ENT"
8707,"LENCERIA JULIETA-Art:J423",0112002430,,"LENCERIA JULIETA-Art-J423-0112002430",PACK,X3,COM_VIRTUEMART_FIELD_MULTIVARIANT_LABEL,VM_MULTIVARIANT_FIELD_LABEL1~Color,1.0,Y,"Lenceria de Mujer/LENCERIA JULIETA","PACK LENCERIA JULIETA-Art:J423<br />Pack x3 unidades estampadas.<br />
Talles: Único - XL - 4 - 5 <br />
Colores: Único",1000,"J423 PACK X3 LESS ENTERA SIN C"
8707,"LENCERIA JULIETA-Art:J423",0112002590,,"LENCERIA JULIETA-Art-J423-0112002590",PACK,X3,COM_VIRTUEMART_FIELD_MULTIVARIANT_LABEL,VM_MULTIVARIANT_FIELD_LABEL1~Color,1.0,Y,"Lenceria de Mujer/LENCERIA JULIETA","PACK LENCERIA JULIETA-Art:J423<br />Pack x3 unidades estampadas.<br />
Talles: Único - XL - 4 - 5 <br />
Colores: Único",1000,"J423 PACK X3 TXL LESS ENTERA S"
8707,"LENCERIA JULIETA-Art:J423",0112002860,,"LENCERIA JULIETA-Art-J423-0112002860",PACK,X3,COM_VIRTUEMART_FIELD_MULTIVARIANT_LABEL,VM_MULTIVARIANT_FIELD_LABEL1~Color,1.0,Y,"Lenceria de Mujer/LENCERIA JULIETA","PACK LENCERIA JULIETA-Art:J423<br />Pack x3 unidades estampadas.<br />
Talles: Único - XL - 4 - 5 <br />
Colores: Único",1000,"J423 PACK X3 COLALESS"
8708,"LENCERIA JULIETA-Art:J423XL",0112002340,,"LENCERIA JULIETA-Art-J423XL-0112002340",PACK,X3,COM_VIRTUEMART_FIELD_MULTIVARIANT_LABEL,VM_MULTIVARIANT_FIELD_LABEL1~Color,1.0,Y,"Lenceria de Mujer/LENCERIA JULIETA","PACK LENCERIA JULIETA-Art:J423XL<br />PACK - X3",1000,"J423XL PACK X3 LESS ENT XL"
8708,"LENCERIA JULIETA-Art:J423XL",0112002870,,"LENCERIA JULIETA-Art-J423XL-0112002870",PACK,X3,COM_VIRTUEMART_FIELD_MULTIVARIANT_LABEL,VM_MULTIVARIANT_FIELD_LABEL1~Color,1.0,Y,"Lenceria de Mujer/LENCERIA JULIETA","PACK LENCERIA JULIETA-Art:J423XL<br />PACK - X3",1000,"J423XL PACK X3 COLALESS"
8725,"LENCERIA JULIETA-Art:J430",0105027580,,"LENCERIA JULIETA-Art-J430-0105027580",CULOTTE,ALG,COM_VIRTUEMART_FIELD_MULTIVARIANT_LABEL,VM_MULTIVARIANT_FIELD_LABEL1~Color,1.0,Y,"Lenceria de Mujer/LENCERIA JULIETA","BOMBACHA LENCERIA JULIETA-Art:J430<br />Pack x 3 unidades lisas<br />
Talles: Unico<br />
Colores: Varios",1000,"J430 CULOTTE ALG ROSA"
8725,"LENCERIA JULIETA-Art:J430",0112017000,,"LENCERIA JULIETA-Art-J430-0112017000",Culotte,Lisa,COM_VIRTUEMART_FIELD_MULTIVARIANT_LABEL,VM_MULTIVARIANT_FIELD_LABEL1~Color,1.0,Y,"Lenceria de Mujer/LENCERIA JULIETA","PACK LENCERIA JULIETA-Art:J430<br />Pack x 3 unidades lisas<br />
Talles: Unico<br />
Colores: Varios",1000,"J430 Culotte Lisa X2"
8725,"LENCERIA JULIETA-Art:J430",0112017010,,"LENCERIA JULIETA-Art-J430-0112017010",Culotte,Lisa,COM_VIRTUEMART_FIELD_MULTIVARIANT_LABEL,VM_MULTIVARIANT_FIELD_LABEL1~Color,1.0,Y,"Lenceria de Mujer/LENCERIA JULIETA","PACK LENCERIA JULIETA-Art:J430<br />Pack x 3 unidades lisas<br />
Talles: Unico<br />
Colores: Varios",1000,"J430 Culotte Lisa X2"
8725,"LENCERIA JULIETA-Art:J430",0105003730,,"LENCERIA JULIETA-Art-J430-0105003730",CULOTTE,SIN,COM_VIRTUEMART_FIELD_MULTIVARIANT_LABEL,VM_MULTIVARIANT_FIELD_LABEL1~Color,1.0,Y,"Lenceria de Mujer/LENCERIA JULIETA","BOMBACHA LENCERIA JULIETA-Art:J430<br />Pack x 3 unidades lisas<br />
Talles: Unico<br />
Colores: Varios",1000,"J430 CULOTTE SIN COSTURA"
8725,"LENCERIA JULIETA-Art:J430",0105003740,,"LENCERIA JULIETA-Art-J430-0105003740",CULOTTE,SIN,COM_VIRTUEMART_FIELD_MULTIVARIANT_LABEL,VM_MULTIVARIANT_FIELD_LABEL1~Color,1.0,Y,"Lenceria de Mujer/LENCERIA JULIETA","BOMBACHA LENCERIA JULIETA-Art:J430<br />Pack x 3 unidades lisas<br />
Talles: Unico<br />
Colores: Varios",1000,"J430 CULOTTE SIN COSTURA TXL"
8725,"LENCERIA JULIETA-Art:J430",0112002150,,"LENCERIA JULIETA-Art-J430-0112002150",PACK,X3,COM_VIRTUEMART_FIELD_MULTIVARIANT_LABEL,VM_MULTIVARIANT_FIELD_LABEL1~Color,1.0,Y,"Lenceria de Mujer/LENCERIA JULIETA","PACK LENCERIA JULIETA-Art:J430<br />Pack x 3 unidades lisas<br />
Talles: Unico<br />
Colores: Varios",1000,"J430 PACK X3 CULOTTE"
8725,"LENCERIA JULIETA-Art:J430",0112002440,,"LENCERIA JULIETA-Art-J430-0112002440",PACK,X3,COM_VIRTUEMART_FIELD_MULTIVARIANT_LABEL,VM_MULTIVARIANT_FIELD_LABEL1~Color,1.0,Y,"Lenceria de Mujer/LENCERIA JULIETA","PACK LENCERIA JULIETA-Art:J430<br />Pack x 3 unidades lisas<br />
Talles: Unico<br />
Colores: Varios",1000,"J430 PACK X3 CULOTTE ALGODÓN S"
8725,"LENCERIA JULIETA-Art:J430",0112002600,,"LENCERIA JULIETA-Art-J430-0112002600",PACK,X3,COM_VIRTUEMART_FIELD_MULTIVARIANT_LABEL,VM_MULTIVARIANT_FIELD_LABEL1~Color,1.0,Y,"Lenceria de Mujer/LENCERIA JULIETA","PACK LENCERIA JULIETA-Art:J430<br />Pack x 3 unidades lisas<br />
Talles: Unico<br />
Colores: Varios",1000,"J430 PACK X3 TXL CULOTTE ALGOD"
8725,"LENCERIA JULIETA-Art:J430",0112002880,,"LENCERIA JULIETA-Art-J430-0112002880",PACK,X3,COM_VIRTUEMART_FIELD_MULTIVARIANT_LABEL,VM_MULTIVARIANT_FIELD_LABEL1~Color,1.0,Y,"Lenceria de Mujer/LENCERIA JULIETA","PACK LENCERIA JULIETA-Art:J430<br />Pack x 3 unidades lisas<br />
Talles: Unico<br />
Colores: Varios",1000,"J430 PACK X3 CULOTTE LISO"
8807,"LENCERIA JULIETA-Art:J431",0112017020,,"LENCERIA JULIETA-Art-J431-0112017020",Culotte,lis/est,COM_VIRTUEMART_FIELD_MULTIVARIANT_LABEL,VM_MULTIVARIANT_FIELD_LABEL1~Color,1.0,Y,"Lenceria de Mujer/LENCERIA JULIETA","PACK LENCERIA JULIETA-Art:J431<br />Pack x3 2 unidades lisas 1 estampada<br />
Talles: Unico - XL - 4- 5<br />
Colores: Varios",1000,"J431 Culotte lis/est X2"
8807,"LENCERIA JULIETA-Art:J431",0112017030,,"LENCERIA JULIETA-Art-J431-0112017030",Culotte,lis/est,COM_VIRTUEMART_FIELD_MULTIVARIANT_LABEL,VM_MULTIVARIANT_FIELD_LABEL1~Color,1.0,Y,"Lenceria de Mujer/LENCERIA JULIETA","PACK LENCERIA JULIETA-Art:J431<br />Pack x3 2 unidades lisas 1 estampada<br />
Talles: Unico - XL - 4- 5<br />
Colores: Varios",1000,"J431 Culotte lis/est X2"
8807,"LENCERIA JULIETA-Art:J431",0112002160,,"LENCERIA JULIETA-Art-J431-0112002160",PACK,X3,COM_VIRTUEMART_FIELD_MULTIVARIANT_LABEL,VM_MULTIVARIANT_FIELD_LABEL1~Color,1.0,Y,"Lenceria de Mujer/LENCERIA JULIETA","PACK LENCERIA JULIETA-Art:J431<br />Pack x3 2 unidades lisas 1 estampada<br />
Talles: Unico - XL - 4- 5<br />
Colores: Varios",1000,"J431 PACK X3 CULOTTE"
8807,"LENCERIA JULIETA-Art:J431",0112002450,,"LENCERIA JULIETA-Art-J431-0112002450",PACK,X3,COM_VIRTUEMART_FIELD_MULTIVARIANT_LABEL,VM_MULTIVARIANT_FIELD_LABEL1~Color,1.0,Y,"Lenceria de Mujer/LENCERIA JULIETA","PACK LENCERIA JULIETA-Art:J431<br />Pack x3 2 unidades lisas 1 estampada<br />
Talles: Unico - XL - 4- 5<br />
Colores: Varios",1000,"J431 PACK X3 CULOTTE ALGODÓN S"
8807,"LENCERIA JULIETA-Art:J431",0112002610,,"LENCERIA JULIETA-Art-J431-0112002610",PACK,X3,COM_VIRTUEMART_FIELD_MULTIVARIANT_LABEL,VM_MULTIVARIANT_FIELD_LABEL1~Color,1.0,Y,"Lenceria de Mujer/LENCERIA JULIETA","PACK LENCERIA JULIETA-Art:J431<br />Pack x3 2 unidades lisas 1 estampada<br />
Talles: Unico - XL - 4- 5<br />
Colores: Varios",1000,"J431 PACK X3 TXL CULOTTE ALGOD"
8807,"LENCERIA JULIETA-Art:J431",0112002890,,"LENCERIA JULIETA-Art-J431-0112002890",PACK,X3,COM_VIRTUEMART_FIELD_MULTIVARIANT_LABEL,VM_MULTIVARIANT_FIELD_LABEL1~Color,1.0,Y,"Lenceria de Mujer/LENCERIA JULIETA","PACK LENCERIA JULIETA-Art:J431<br />Pack x3 2 unidades lisas 1 estampada<br />
Talles: Unico - XL - 4- 5<br />
Colores: Varios",1000,"J431 PACK X3 CULOTTE"
8733,"LENCERIA JULIETA-Art:J432",0112017040,,"LENCERIA JULIETA-Art-J432-0112017040",Culotte ,est,COM_VIRTUEMART_FIELD_MULTIVARIANT_LABEL,VM_MULTIVARIANT_FIELD_LABEL1~Color,1.0,Y,"Lenceria de Mujer/LENCERIA JULIETA","PACK LENCERIA JULIETA-Art:J432<br />Pack x3 1 unidades lisas 2 estampadas<br />
Talles: Unico - 4 - 5<br />
Colores: Varios",1000,"J432 Culotte  est X2"
8733,"LENCERIA JULIETA-Art:J432",0112017050,,"LENCERIA JULIETA-Art-J432-0112017050",Culotte est,X2,COM_VIRTUEMART_FIELD_MULTIVARIANT_LABEL,VM_MULTIVARIANT_FIELD_LABEL1~Color,1.0,Y,"Lenceria de Mujer/LENCERIA JULIETA","PACK LENCERIA JULIETA-Art:J432<br />Pack x3 1 unidades lisas 2 estampadas<br />
Talles: Unico - 4 - 5<br />
Colores: Varios",1000,"J432 Culotte est X2"
8733,"LENCERIA JULIETA-Art:J432",0112002170,,"LENCERIA JULIETA-Art-J432-0112002170",PACK,X3,COM_VIRTUEMART_FIELD_MULTIVARIANT_LABEL,VM_MULTIVARIANT_FIELD_LABEL1~Color,1.0,Y,"Lenceria de Mujer/LENCERIA JULIETA","PACK LENCERIA JULIETA-Art:J432<br />Pack x3 1 unidades lisas 2 estampadas<br />
Talles: Unico - 4 - 5<br />
Colores: Varios",1000,"J432 PACK X3 CULOTTE"
8733,"LENCERIA JULIETA-Art:J432",0112002460,,"LENCERIA JULIETA-Art-J432-0112002460",PACK,X3,COM_VIRTUEMART_FIELD_MULTIVARIANT_LABEL,VM_MULTIVARIANT_FIELD_LABEL1~Color,1.0,Y,"Lenceria de Mujer/LENCERIA JULIETA","PACK LENCERIA JULIETA-Art:J432<br />Pack x3 1 unidades lisas 2 estampadas<br />
Talles: Unico - 4 - 5<br />
Colores: Varios",1000,"J432 PACK X3 CULOTTE ALGODÓN S"
8733,"LENCERIA JULIETA-Art:J432",0112002620,,"LENCERIA JULIETA-Art-J432-0112002620",PACK,X3,COM_VIRTUEMART_FIELD_MULTIVARIANT_LABEL,VM_MULTIVARIANT_FIELD_LABEL1~Color,1.0,Y,"Lenceria de Mujer/LENCERIA JULIETA","PACK LENCERIA JULIETA-Art:J432<br />Pack x3 1 unidades lisas 2 estampadas<br />
Talles: Unico - 4 - 5<br />
Colores: Varios",1000,"J432 PACK X3 TXLCULOTTE ALGODÓ"
8733,"LENCERIA JULIETA-Art:J432",0112002900,,"LENCERIA JULIETA-Art-J432-0112002900",PACK,X3,COM_VIRTUEMART_FIELD_MULTIVARIANT_LABEL,VM_MULTIVARIANT_FIELD_LABEL1~Color,1.0,Y,"Lenceria de Mujer/LENCERIA JULIETA","PACK LENCERIA JULIETA-Art:J432<br />Pack x3 1 unidades lisas 2 estampadas<br />
Talles: Unico - 4 - 5<br />
Colores: Varios",1000,"J432 PACK X3 CULOTTE"
8728,"LENCERIA JULIETA-Art:J433",0105003750,,"LENCERIA JULIETA-Art-J433-0105003750",CULOTTE,SIN,COM_VIRTUEMART_FIELD_MULTIVARIANT_LABEL,VM_MULTIVARIANT_FIELD_LABEL1~Color,1.0,Y,"Lenceria de Mujer/LENCERIA JULIETA","BOMBACHA LENCERIA JULIETA-Art:J433<br />Bombacha estampadas<br />
Talles: Unico<br />
Colores: Varios",1000,"J433 CULOTTE SIN COSTURA"
8728,"LENCERIA JULIETA-Art:J433",0105003760,,"LENCERIA JULIETA-Art-J433-0105003760",CULOTTE,SIN,COM_VIRTUEMART_FIELD_MULTIVARIANT_LABEL,VM_MULTIVARIANT_FIELD_LABEL1~Color,1.0,Y,"Lenceria de Mujer/LENCERIA JULIETA","BOMBACHA LENCERIA JULIETA-Art:J433<br />Bombacha estampadas<br />
Talles: Unico<br />
Colores: Varios",1000,"J433 CULOTTE SIN COSTURA TXL"
8728,"LENCERIA JULIETA-Art:J433",0112002180,,"LENCERIA JULIETA-Art-J433-0112002180",PACK,X3,COM_VIRTUEMART_FIELD_MULTIVARIANT_LABEL,VM_MULTIVARIANT_FIELD_LABEL1~Color,1.0,Y,"Lenceria de Mujer/LENCERIA JULIETA","PACK LENCERIA JULIETA-Art:J433<br />Bombacha estampadas<br />
Talles: Unico<br />
Colores: Varios",1000,"J433 PACK X3 CULOTTE"
8728,"LENCERIA JULIETA-Art:J433",0112002470,,"LENCERIA JULIETA-Art-J433-0112002470",PACK,X3,COM_VIRTUEMART_FIELD_MULTIVARIANT_LABEL,VM_MULTIVARIANT_FIELD_LABEL1~Color,1.0,Y,"Lenceria de Mujer/LENCERIA JULIETA","PACK LENCERIA JULIETA-Art:J433<br />Bombacha estampadas<br />
Talles: Unico<br />
Colores: Varios",1000,"J433 PACK X3 CULOTTE ALGODÓN S"
8728,"LENCERIA JULIETA-Art:J433",0112002630,,"LENCERIA JULIETA-Art-J433-0112002630",PACK,X3,COM_VIRTUEMART_FIELD_MULTIVARIANT_LABEL,VM_MULTIVARIANT_FIELD_LABEL1~Color,1.0,Y,"Lenceria de Mujer/LENCERIA JULIETA","PACK LENCERIA JULIETA-Art:J433<br />Bombacha estampadas<br />
Talles: Unico<br />
Colores: Varios",1000,"J433 PACK X3 TXL CULOTTE ALGOD"
8728,"LENCERIA JULIETA-Art:J433",0112002910,,"LENCERIA JULIETA-Art-J433-0112002910",PACK,X3,COM_VIRTUEMART_FIELD_MULTIVARIANT_LABEL,VM_MULTIVARIANT_FIELD_LABEL1~Color,1.0,Y,"Lenceria de Mujer/LENCERIA JULIETA","PACK LENCERIA JULIETA-Art:J433<br />Bombacha estampadas<br />
Talles: Unico<br />
Colores: Varios",1000,"J433 PACK X3 CULOTTE"
4215,"LENCERIA JULIETA-Art:J440",0112017060,,"LENCERIA JULIETA-Art-J440-0112017060",Vedet,Lisa,COM_VIRTUEMART_FIELD_MULTIVARIANT_LABEL,VM_MULTIVARIANT_FIELD_LABEL1~Color,1.0,Y,"Lenceria de Mujer/LENCERIA JULIETA","PACK LENCERIA JULIETA-Art:J440<br />Vedetina Lisa.<br />
Talles: único - XL - 4 - 5<br />
Colores: Varios",1000,"J440 Vedet Lisa X2"
4215,"LENCERIA JULIETA-Art:J440",0112017070,,"LENCERIA JULIETA-Art-J440-0112017070",Vedet,Lisa,COM_VIRTUEMART_FIELD_MULTIVARIANT_LABEL,VM_MULTIVARIANT_FIELD_LABEL1~Color,1.0,Y,"Lenceria de Mujer/LENCERIA JULIETA","PACK LENCERIA JULIETA-Art:J440<br />Vedetina Lisa.<br />
Talles: único - XL - 4 - 5<br />
Colores: Varios",1000,"J440 Vedet Lisa X2"
4215,"LENCERIA JULIETA-Art:J440",0105003780,,"LENCERIA JULIETA-Art-J440-0105003780",VEDETINA,SIN,COM_VIRTUEMART_FIELD_MULTIVARIANT_LABEL,VM_MULTIVARIANT_FIELD_LABEL1~Color,1.0,Y,"Lenceria de Mujer/LENCERIA JULIETA","BOMBACHA LENCERIA JULIETA-Art:J440<br />Vedetina Lisa.<br />
Talles: único - XL - 4 - 5<br />
Colores: Varios",1000,"J440 VEDETINA SIN COSTURA"
4215,"LENCERIA JULIETA-Art:J440",0105003790,,"LENCERIA JULIETA-Art-J440-0105003790",VEDETINA,SIN,COM_VIRTUEMART_FIELD_MULTIVARIANT_LABEL,VM_MULTIVARIANT_FIELD_LABEL1~Color,1.0,Y,"Lenceria de Mujer/LENCERIA JULIETA","BOMBACHA LENCERIA JULIETA-Art:J440<br />Vedetina Lisa.<br />
Talles: único - XL - 4 - 5<br />
Colores: Varios",1000,"J440 VEDETINA SIN COSTURA TXL"
4215,"LENCERIA JULIETA-Art:J440",0112002190,,"LENCERIA JULIETA-Art-J440-0112002190",PACK,X3,COM_VIRTUEMART_FIELD_MULTIVARIANT_LABEL,VM_MULTIVARIANT_FIELD_LABEL1~Color,1.0,Y,"Lenceria de Mujer/LENCERIA JULIETA","PACK LENCERIA JULIETA-Art:J440<br />Vedetina Lisa.<br />
Talles: único - XL - 4 - 5<br />
Colores: Varios",1000,"J440 PACK X3 VEDETINA"
4215,"LENCERIA JULIETA-Art:J440",0112002480,,"LENCERIA JULIETA-Art-J440-0112002480",PACK,X3,COM_VIRTUEMART_FIELD_MULTIVARIANT_LABEL,VM_MULTIVARIANT_FIELD_LABEL1~Color,1.0,Y,"Lenceria de Mujer/LENCERIA JULIETA","PACK LENCERIA JULIETA-Art:J440<br />Vedetina Lisa.<br />
Talles: único - XL - 4 - 5<br />
Colores: Varios",1000,"J440 PACK X3 VEDETINA ALGODÓN"
4215,"LENCERIA JULIETA-Art:J440",0112002640,,"LENCERIA JULIETA-Art-J440-0112002640",PACK,X3,COM_VIRTUEMART_FIELD_MULTIVARIANT_LABEL,VM_MULTIVARIANT_FIELD_LABEL1~Color,1.0,Y,"Lenceria de Mujer/LENCERIA JULIETA","PACK LENCERIA JULIETA-Art:J440<br />Vedetina Lisa.<br />
Talles: único - XL - 4 - 5<br />
Colores: Varios",1000,"J440 PACK X3 TXL VEDETINA ALGO"
4215,"LENCERIA JULIETA-Art:J440",0112002920,,"LENCERIA JULIETA-Art-J440-0112002920",PACK,X3,COM_VIRTUEMART_FIELD_MULTIVARIANT_LABEL,VM_MULTIVARIANT_FIELD_LABEL1~Color,1.0,Y,"Lenceria de Mujer/LENCERIA JULIETA","PACK LENCERIA JULIETA-Art:J440<br />Vedetina Lisa.<br />
Talles: único - XL - 4 - 5<br />
Colores: Varios",1000,"J440 PACK X3 VEDETINA JULIETA"
,"LENCERIA JULIETA-Art:J440UNI",0105003770,,"LENCERIA JULIETA-Art-J440UNI-0105003770",VEDETINA,ALG,COM_VIRTUEMART_FIELD_MULTIVARIANT_LABEL,VM_MULTIVARIANT_FIELD_LABEL1~Color,1.0,Y,"Lenceria de Mujer/LENCERIA JULIETA","BOMBACHA LENCERIA JULIETA-Art:J440UNI<br />VEDETINA - ALG",1000,"J440UNI VEDETINA ALG ROSA"
4216,"LENCERIA JULIETA-Art:J440XL",0112002350,,"LENCERIA JULIETA-Art-J440XL-0112002350",PACK,X3,COM_VIRTUEMART_FIELD_MULTIVARIANT_LABEL,VM_MULTIVARIANT_FIELD_LABEL1~Color,1.0,Y,"Lenceria de Mujer/LENCERIA JULIETA","PACK LENCERIA JULIETA-Art:J440XL<br />PACK - X3",1000,"J440XL PACK X3 VEDETINA XL"
4216,"LENCERIA JULIETA-Art:J440XL",0112002930,,"LENCERIA JULIETA-Art-J440XL-0112002930",PAXK,X3,COM_VIRTUEMART_FIELD_MULTIVARIANT_LABEL,VM_MULTIVARIANT_FIELD_LABEL1~Color,1.0,Y,"Lenceria de Mujer/LENCERIA JULIETA","PACK LENCERIA JULIETA-Art:J440XL<br />PAXK - X3",1000,"J440XL PAXK X3 VEDETINA LISA"
,"LENCERIA JULIETA-Art:J440XLUNI",0105003800,,"LENCERIA JULIETA-Art-J440XLUNI-0105003800",VEDETINA,ROSA,COM_VIRTUEMART_FIELD_MULTIVARIANT_LABEL,VM_MULTIVARIANT_FIELD_LABEL1~Color,1.0,Y,"Lenceria de Mujer/LENCERIA JULIETA","BOMBACHA LENCERIA JULIETA-Art:J440XLUNI<br />VEDETINA - ROSA",1000,"J440XLUNI VEDETINA ROSA"
8740,"LENCERIA JULIETA-Art:J441",0112017080,,"LENCERIA JULIETA-Art-J441-0112017080",T4,Vedet,COM_VIRTUEMART_FIELD_MULTIVARIANT_LABEL,VM_MULTIVARIANT_FIELD_LABEL1~Color,1.0,Y,"Lenceria de Mujer/LENCERIA JULIETA","PACK LENCERIA JULIETA-Art:J441<br />Pack x3 2 unidades lisas 1 estampada<br />
Talles: Unico - XL - 4 - 5<br />
Colores: Varios",5,"J441 T4 Vedet lis/est X2"
8740,"LENCERIA JULIETA-Art:J441",0112017090,,"LENCERIA JULIETA-Art-J441-0112017090",T5,Vedet,COM_VIRTUEMART_FIELD_MULTIVARIANT_LABEL,VM_MULTIVARIANT_FIELD_LABEL1~Color,1.0,Y,"Lenceria de Mujer/LENCERIA JULIETA","PACK LENCERIA JULIETA-Art:J441<br />Pack x3 2 unidades lisas 1 estampada<br />
Talles: Unico - XL - 4 - 5<br />
Colores: Varios",6,"J441 T5 Vedet lis/est X2"
8740,"LENCERIA JULIETA-Art:J441",0112002200,,"LENCERIA JULIETA-Art-J441-0112002200",PACK,X3,COM_VIRTUEMART_FIELD_MULTIVARIANT_LABEL,VM_MULTIVARIANT_FIELD_LABEL1~Color,1.0,Y,"Lenceria de Mujer/LENCERIA JULIETA","PACK LENCERIA JULIETA-Art:J441<br />Pack x3 2 unidades lisas 1 estampada<br />
Talles: Unico - XL - 4 - 5<br />
Colores: Varios",1000,"J441 PACK X3 VEDETINA"
8740,"LENCERIA JULIETA-Art:J441",0112002490,,"LENCERIA JULIETA-Art-J441-0112002490",PACK,X3,COM_VIRTUEMART_FIELD_MULTIVARIANT_LABEL,VM_MULTIVARIANT_FIELD_LABEL1~Color,1.0,Y,"Lenceria de Mujer/LENCERIA JULIETA","PACK LENCERIA JULIETA-Art:J441<br />Pack x3 2 unidades lisas 1 estampada<br />
Talles: Unico - XL - 4 - 5<br />
Colores: Varios",1000,"J441 PACK X3 T4 VEDET ALG"
8740,"LENCERIA JULIETA-Art:J441",0112002650,,"LENCERIA JULIETA-Art-J441-0112002650",PACK,X3,COM_VIRTUEMART_FIELD_MULTIVARIANT_LABEL,VM_MULTIVARIANT_FIELD_LABEL1~Color,1.0,Y,"Lenceria de Mujer/LENCERIA JULIETA","PACK LENCERIA JULIETA-Art:J441<br />Pack x3 2 unidades lisas 1 estampada<br />
Talles: Unico - XL - 4 - 5<br />
Colores: Varios",1000,"J441 PACK X3 TXL VEDETINA ALGO"
8740,"LENCERIA JULIETA-Art:J441",0112002940,,"LENCERIA JULIETA-Art-J441-0112002940",PACK,X3,COM_VIRTUEMART_FIELD_MULTIVARIANT_LABEL,VM_MULTIVARIANT_FIELD_LABEL1~Color,1.0,Y,"Lenceria de Mujer/LENCERIA JULIETA","PACK LENCERIA JULIETA-Art:J441<br />Pack x3 2 unidades lisas 1 estampada<br />
Talles: Unico - XL - 4 - 5<br />
Colores: Varios",1000,"J441 PACK X3 VEDETINA"
,"LENCERIA JULIETA-Art:J4410",0112018010,,"LENCERIA JULIETA-Art-J4410-0112018010",PACK,X3,COM_VIRTUEMART_FIELD_MULTIVARIANT_LABEL,VM_MULTIVARIANT_FIELD_LABEL1~Color,1.0,Y,"Lenceria de Mujer/LENCERIA JULIETA","PACK LENCERIA JULIETA-Art:J4410<br />PACK - X3",1000,"J4410 PACK X3 LESS REGUL LIS"
,"LENCERIA JULIETA-Art:J4411",0112018000,,"LENCERIA JULIETA-Art-J4411-0112018000",PACK,X3,COM_VIRTUEMART_FIELD_MULTIVARIANT_LABEL,VM_MULTIVARIANT_FIELD_LABEL1~Color,1.0,Y,"Lenceria de Mujer/LENCERIA JULIETA","PACK LENCERIA JULIETA-Art:J4411<br />PACK - X3",1000,"J4411 PACK X3 LESS REGUL EST"
,"LENCERIA JULIETA-Art:J4413",0112018090,,"LENCERIA JULIETA-Art-J4413-0112018090",PACK,X,COM_VIRTUEMART_FIELD_MULTIVARIANT_LABEL,VM_MULTIVARIANT_FIELD_LABEL1~Color,1.0,Y,"Lenceria de Mujer/LENCERIA JULIETA","PACK LENCERIA JULIETA-Art:J4413<br />PACK - X",1000,"J4413 PACK X 3TIRITAS LESS EST"
8741,"LENCERIA JULIETA-Art:J441XL",0112002360,,"LENCERIA JULIETA-Art-J441XL-0112002360",PACK,X3,COM_VIRTUEMART_FIELD_MULTIVARIANT_LABEL,VM_MULTIVARIANT_FIELD_LABEL1~Color,1.0,Y,"Lenceria de Mujer/LENCERIA JULIETA","PACK LENCERIA JULIETA-Art:J441XL<br />PACK - X3",1000,"J441XL PACK X3 VEDETINA XL"
8741,"LENCERIA JULIETA-Art:J441XL",0112002950,,"LENCERIA JULIETA-Art-J441XL-0112002950",PACK,X3,COM_VIRTUEMART_FIELD_MULTIVARIANT_LABEL,VM_MULTIVARIANT_FIELD_LABEL1~Color,1.0,Y,"Lenceria de Mujer/LENCERIA JULIETA","PACK LENCERIA JULIETA-Art:J441XL<br />PACK - X3",1000,"J441XL PACK X3 VEDETINA"
8744,"LENCERIA JULIETA-Art:J442",0112017100,,"LENCERIA JULIETA-Art-J442-0112017100",Vedet,est,COM_VIRTUEMART_FIELD_MULTIVARIANT_LABEL,VM_MULTIVARIANT_FIELD_LABEL1~Color,1.0,Y,"Lenceria de Mujer/LENCERIA JULIETA","PACK LENCERIA JULIETA-Art:J442<br />Pack x3 1 unidad lisa 2 estampadas<br />
Talles: Unico - XL - 4 - 5<br />
Colores: Varios",1000,"J442 Vedet est X2"
8744,"LENCERIA JULIETA-Art:J442",0112017110,,"LENCERIA JULIETA-Art-J442-0112017110",Vedet est,X2,COM_VIRTUEMART_FIELD_MULTIVARIANT_LABEL,VM_MULTIVARIANT_FIELD_LABEL1~Color,1.0,Y,"Lenceria de Mujer/LENCERIA JULIETA","PACK LENCERIA JULIETA-Art:J442<br />Pack x3 1 unidad lisa 2 estampadas<br />
Talles: Unico - XL - 4 - 5<br />
Colores: Varios",1000,"J442 Vedet est X2"
8744,"LENCERIA JULIETA-Art:J442",0112002210,,"LENCERIA JULIETA-Art-J442-0112002210",PACK,X3,COM_VIRTUEMART_FIELD_MULTIVARIANT_LABEL,VM_MULTIVARIANT_FIELD_LABEL1~Color,1.0,Y,"Lenceria de Mujer/LENCERIA JULIETA","PACK LENCERIA JULIETA-Art:J442<br />Pack x3 1 unidad lisa 2 estampadas<br />
Talles: Unico - XL - 4 - 5<br />
Colores: Varios",1000,"J442 PACK X3 VEDETINA"
8744,"LENCERIA JULIETA-Art:J442",0112002500,,"LENCERIA JULIETA-Art-J442-0112002500",PACK,X3,COM_VIRTUEMART_FIELD_MULTIVARIANT_LABEL,VM_MULTIVARIANT_FIELD_LABEL1~Color,1.0,Y,"Lenceria de Mujer/LENCERIA JULIETA","PACK LENCERIA JULIETA-Art:J442<br />Pack x3 1 unidad lisa 2 estampadas<br />
Talles: Unico - XL - 4 - 5<br />
Colores: Varios",1000,"J442 PACK X3 VEDETINA ALGODÓN"
8744,"LENCERIA JULIETA-Art:J442",0112002660,,"LENCERIA JULIETA-Art-J442-0112002660",PACK,X3,COM_VIRTUEMART_FIELD_MULTIVARIANT_LABEL,VM_MULTIVARIANT_FIELD_LABEL1~Color,1.0,Y,"Lenceria de Mujer/LENCERIA JULIETA","PACK LENCERIA JULIETA-Art:J442<br />Pack x3 1 unidad lisa 2 estampadas<br />
Talles: Unico - XL - 4 - 5<br />
Colores: Varios",1000,"J442 PACK X3 TXL VEDETINA ALGO"
8744,"LENCERIA JULIETA-Art:J442",0112002960,,"LENCERIA JULIETA-Art-J442-0112002960",PACK,X3,COM_VIRTUEMART_FIELD_MULTIVARIANT_LABEL,VM_MULTIVARIANT_FIELD_LABEL1~Color,1.0,Y,"Lenceria de Mujer/LENCERIA JULIETA","PACK LENCERIA JULIETA-Art:J442<br />Pack x3 1 unidad lisa 2 estampadas<br />
Talles: Unico - XL - 4 - 5<br />
Colores: Varios",1000,"J442 PACK X3 JULIETA"
8745,"LENCERIA JULIETA-Art:J442XL",0112002370,,"LENCERIA JULIETA-Art-J442XL-0112002370",PACK,X3,COM_VIRTUEMART_FIELD_MULTIVARIANT_LABEL,VM_MULTIVARIANT_FIELD_LABEL1~Color,1.0,Y,"Lenceria de Mujer/LENCERIA JULIETA","PACK LENCERIA JULIETA-Art:J442XL<br />PACK - X3",1000,"J442XL PACK X3 VEDETINA XL"
8745,"LENCERIA JULIETA-Art:J442XL",0112002970,,"LENCERIA JULIETA-Art-J442XL-0112002970",PACK,X3,COM_VIRTUEMART_FIELD_MULTIVARIANT_LABEL,VM_MULTIVARIANT_FIELD_LABEL1~Color,1.0,Y,"Lenceria de Mujer/LENCERIA JULIETA","PACK LENCERIA JULIETA-Art:J442XL<br />PACK - X3",1000,"J442XL PACK X3 JULIETA"
8736,"LENCERIA JULIETA-Art:J443",0105003810,,"LENCERIA JULIETA-Art-J443-0105003810",VEDETINA,SIN,COM_VIRTUEMART_FIELD_MULTIVARIANT_LABEL,VM_MULTIVARIANT_FIELD_LABEL1~Color,1.0,Y,"Lenceria de Mujer/LENCERIA JULIETA","BOMBACHA LENCERIA JULIETA-Art:J443<br />Pack x3 unidades estampadas<br />
Talles: Unico - XL - 4 - 5<br />
Colores: Varios",1000,"J443 VEDETINA SIN COSTURA"
8736,"LENCERIA JULIETA-Art:J443",0105003820,,"LENCERIA JULIETA-Art-J443-0105003820",VEDETINA,SIN,COM_VIRTUEMART_FIELD_MULTIVARIANT_LABEL,VM_MULTIVARIANT_FIELD_LABEL1~Color,1.0,Y,"Lenceria de Mujer/LENCERIA JULIETA","BOMBACHA LENCERIA JULIETA-Art:J443<br />Pack x3 unidades estampadas<br />
Talles: Unico - XL - 4 - 5<br />
Colores: Varios",1000,"J443 VEDETINA SIN COSTURA TXL"
8736,"LENCERIA JULIETA-Art:J443",0112002220,,"LENCERIA JULIETA-Art-J443-0112002220",PACK,X3,COM_VIRTUEMART_FIELD_MULTIVARIANT_LABEL,VM_MULTIVARIANT_FIELD_LABEL1~Color,1.0,Y,"Lenceria de Mujer/LENCERIA JULIETA","PACK LENCERIA JULIETA-Art:J443<br />Pack x3 unidades estampadas<br />
Talles: Unico - XL - 4 - 5<br />
Colores: Varios",1000,"J443 PACK X3 VEDETINA"
8736,"LENCERIA JULIETA-Art:J443",0112002510,,"LENCERIA JULIETA-Art-J443-0112002510",PACK,X3,COM_VIRTUEMART_FIELD_MULTIVARIANT_LABEL,VM_MULTIVARIANT_FIELD_LABEL1~Color,1.0,Y,"Lenceria de Mujer/LENCERIA JULIETA","PACK LENCERIA JULIETA-Art:J443<br />Pack x3 unidades estampadas<br />
Talles: Unico - XL - 4 - 5<br />
Colores: Varios",1000,"J443 PACK X3 VEDETINA ALGODÓN"
8736,"LENCERIA JULIETA-Art:J443",0112002670,,"LENCERIA JULIETA-Art-J443-0112002670",PACK,X3,COM_VIRTUEMART_FIELD_MULTIVARIANT_LABEL,VM_MULTIVARIANT_FIELD_LABEL1~Color,1.0,Y,"Lenceria de Mujer/LENCERIA JULIETA","PACK LENCERIA JULIETA-Art:J443<br />Pack x3 unidades estampadas<br />
Talles: Unico - XL - 4 - 5<br />
Colores: Varios",1000,"J443 PACK X3 TXL VEDETINA ALGO"
8736,"LENCERIA JULIETA-Art:J443",0112002980,,"LENCERIA JULIETA-Art-J443-0112002980",PACK,X3,COM_VIRTUEMART_FIELD_MULTIVARIANT_LABEL,VM_MULTIVARIANT_FIELD_LABEL1~Color,1.0,Y,"Lenceria de Mujer/LENCERIA JULIETA","PACK LENCERIA JULIETA-Art:J443<br />Pack x3 unidades estampadas<br />
Talles: Unico - XL - 4 - 5<br />
Colores: Varios",1000,"J443 PACK X3 VEDETINA"
8737,"LENCERIA JULIETA-Art:J443XL",0112002380,,"LENCERIA JULIETA-Art-J443XL-0112002380",PACK,X3,COM_VIRTUEMART_FIELD_MULTIVARIANT_LABEL,VM_MULTIVARIANT_FIELD_LABEL1~Color,1.0,Y,"Lenceria de Mujer/LENCERIA JULIETA","PACK LENCERIA JULIETA-Art:J443XL<br />PACK - X3",1000,"J443XL PACK X3 VEDETINA XL"
8737,"LENCERIA JULIETA-Art:J443XL",0112002990,,"LENCERIA JULIETA-Art-J443XL-0112002990",PACK,X3,COM_VIRTUEMART_FIELD_MULTIVARIANT_LABEL,VM_MULTIVARIANT_FIELD_LABEL1~Color,1.0,Y,"Lenceria de Mujer/LENCERIA JULIETA","PACK LENCERIA JULIETA-Art:J443XL<br />PACK - X3",1000,"J443XL PACK X3 VEDETINA"
,"LENCERIA JULIETA-Art:J4440",0112018030,,"LENCERIA JULIETA-Art-J4440-0112018030",PACK,X2,COM_VIRTUEMART_FIELD_MULTIVARIANT_LABEL,VM_MULTIVARIANT_FIELD_LABEL1~Color,1.0,Y,"Lenceria de Mujer/LENCERIA JULIETA","PACK LENCERIA JULIETA-Art:J4440<br />PACK - X2",1000,"J4440 PACK X2 T5 VEDETINA"
,"LENCERIA JULIETA-Art:J4440",0112018020,,"LENCERIA JULIETA-Art-J4440-0112018020",PACK,X2,COM_VIRTUEMART_FIELD_MULTIVARIANT_LABEL,VM_MULTIVARIANT_FIELD_LABEL1~Color,1.0,Y,"Lenceria de Mujer/LENCERIA JULIETA","PACK LENCERIA JULIETA-Art:J4440<br />PACK - X2",1000,"J4440 PACK X2 T4 VEDETINA"
,"LENCERIA JULIETA-Art:J4440",0112017980,,"LENCERIA JULIETA-Art-J4440-0112017980",PACK,X3,COM_VIRTUEMART_FIELD_MULTIVARIANT_LABEL,VM_MULTIVARIANT_FIELD_LABEL1~Color,1.0,Y,"Lenceria de Mujer/LENCERIA JULIETA","PACK LENCERIA JULIETA-Art:J4440<br />PACK - X3",1000,"J4440 PACK X3 VEDETINA LIS"
,"LENCERIA JULIETA-Art:J4441",0112018050,,"LENCERIA JULIETA-Art-J4441-0112018050",PACK,X2,COM_VIRTUEMART_FIELD_MULTIVARIANT_LABEL,VM_MULTIVARIANT_FIELD_LABEL1~Color,1.0,Y,"Lenceria de Mujer/LENCERIA JULIETA","PACK LENCERIA JULIETA-Art:J4441<br />PACK - X2",1000,"J4441 PACK X2 T4 VEDETINA"
,"LENCERIA JULIETA-Art:J4441",0112017990,,"LENCERIA JULIETA-Art-J4441-0112017990",PACK,X3,COM_VIRTUEMART_FIELD_MULTIVARIANT_LABEL,VM_MULTIVARIANT_FIELD_LABEL1~Color,1.0,Y,"Lenceria de Mujer/LENCERIA JULIETA","PACK LENCERIA JULIETA-Art:J4441<br />PACK - X3",1000,"J4441 PACK X3 VEDETINA EST"
8748,"LENCERIA JULIETA-Art:J450",0105003830,,"LENCERIA JULIETA-Art-J450-0105003830",CULOTTE,LESS,COM_VIRTUEMART_FIELD_MULTIVARIANT_LABEL,VM_MULTIVARIANT_FIELD_LABEL1~Color,1.0,Y,"Lenceria de Mujer/LENCERIA JULIETA","BOMBACHA LENCERIA JULIETA-Art:J450<br />Pack x3 culotte less  algodón liso<br />
Talles: Unico - 4 - 5<br />
Colores: Varios",1000,"J450 CULOTTE LESS ALG ROSA"
8748,"LENCERIA JULIETA-Art:J450",0105003840,,"LENCERIA JULIETA-Art-J450-0105003840",CULOTTE,LESS,COM_VIRTUEMART_FIELD_MULTIVARIANT_LABEL,VM_MULTIVARIANT_FIELD_LABEL1~Color,1.0,Y,"Lenceria de Mujer/LENCERIA JULIETA","BOMBACHA LENCERIA JULIETA-Art:J450<br />Pack x3 culotte less  algodón liso<br />
Talles: Unico - 4 - 5<br />
Colores: Varios",1000,"J450 CULOTTE LESS SIN COSTURA"
8748,"LENCERIA JULIETA-Art:J450",0105003850,,"LENCERIA JULIETA-Art-J450-0105003850",CULOTTE,LESS,COM_VIRTUEMART_FIELD_MULTIVARIANT_LABEL,VM_MULTIVARIANT_FIELD_LABEL1~Color,1.0,Y,"Lenceria de Mujer/LENCERIA JULIETA","BOMBACHA LENCERIA JULIETA-Art:J450<br />Pack x3 culotte less  algodón liso<br />
Talles: Unico - 4 - 5<br />
Colores: Varios",1000,"J450 CULOTTE LESS SIN COSTURA"
8748,"LENCERIA JULIETA-Art:J450",0112017120,,"LENCERIA JULIETA-Art-J450-0112017120",Culotte,Less,COM_VIRTUEMART_FIELD_MULTIVARIANT_LABEL,VM_MULTIVARIANT_FIELD_LABEL1~Color,1.0,Y,"Lenceria de Mujer/LENCERIA JULIETA","PACK LENCERIA JULIETA-Art:J450<br />Pack x3 culotte less  algodón liso<br />
Talles: Unico - 4 - 5<br />
Colores: Varios",1000,"J450 Culotte Less Lisa X2"
8748,"LENCERIA JULIETA-Art:J450",0112017130,,"LENCERIA JULIETA-Art-J450-0112017130",Culotte,Less,COM_VIRTUEMART_FIELD_MULTIVARIANT_LABEL,VM_MULTIVARIANT_FIELD_LABEL1~Color,1.0,Y,"Lenceria de Mujer/LENCERIA JULIETA","PACK LENCERIA JULIETA-Art:J450<br />Pack x3 culotte less  algodón liso<br />
Talles: Unico - 4 - 5<br />
Colores: Varios",1000,"J450 Culotte Less Lisa X2"
8748,"LENCERIA JULIETA-Art:J450",0112002230,,"LENCERIA JULIETA-Art-J450-0112002230",PACK,X3,COM_VIRTUEMART_FIELD_MULTIVARIANT_LABEL,VM_MULTIVARIANT_FIELD_LABEL1~Color,1.0,Y,"Lenceria de Mujer/LENCERIA JULIETA","PACK LENCERIA JULIETA-Art:J450<br />Pack x3 culotte less  algodón liso<br />
Talles: Unico - 4 - 5<br />
Colores: Varios",1000,"J450 PACK X3 CULOTTE LESS"
8748,"LENCERIA JULIETA-Art:J450",0112002520,,"LENCERIA JULIETA-Art-J450-0112002520",PACK,X3,COM_VIRTUEMART_FIELD_MULTIVARIANT_LABEL,VM_MULTIVARIANT_FIELD_LABEL1~Color,1.0,Y,"Lenceria de Mujer/LENCERIA JULIETA","PACK LENCERIA JULIETA-Art:J450<br />Pack x3 culotte less  algodón liso<br />
Talles: Unico - 4 - 5<br />
Colores: Varios",1000,"J450 PACK X3 TXL CULOTTE LESS"
8748,"LENCERIA JULIETA-Art:J450",0112003000,,"LENCERIA JULIETA-Art-J450-0112003000",PACK,X3,COM_VIRTUEMART_FIELD_MULTIVARIANT_LABEL,VM_MULTIVARIANT_FIELD_LABEL1~Color,1.0,Y,"Lenceria de Mujer/LENCERIA JULIETA","PACK LENCERIA JULIETA-Art:J450<br />Pack x3 culotte less  algodón liso<br />
Talles: Unico - 4 - 5<br />
Colores: Varios",1000,"J450 PACK X3 CULOTTE LESS LISO"
8754,"LENCERIA JULIETA-Art:J451",0112017140,,"LENCERIA JULIETA-Art-J451-0112017140",Culotte,Less,COM_VIRTUEMART_FIELD_MULTIVARIANT_LABEL,VM_MULTIVARIANT_FIELD_LABEL1~Color,1.0,Y,"Lenceria de Mujer/LENCERIA JULIETA","PACK LENCERIA JULIETA-Art:J451<br />Pack x3 culotte less lisos<br />
Talles: Unico - 4 - 5<br />
Colores: Varios",1000,"J451 Culotte Less lis/est X2"
8754,"LENCERIA JULIETA-Art:J451",0112017150,,"LENCERIA JULIETA-Art-J451-0112017150",Culotte,Less,COM_VIRTUEMART_FIELD_MULTIVARIANT_LABEL,VM_MULTIVARIANT_FIELD_LABEL1~Color,1.0,Y,"Lenceria de Mujer/LENCERIA JULIETA","PACK LENCERIA JULIETA-Art:J451<br />Pack x3 culotte less lisos<br />
Talles: Unico - 4 - 5<br />
Colores: Varios",1000,"J451 Culotte Less lis/est X2"
8754,"LENCERIA JULIETA-Art:J451",0112002240,,"LENCERIA JULIETA-Art-J451-0112002240",PACK,X3,COM_VIRTUEMART_FIELD_MULTIVARIANT_LABEL,VM_MULTIVARIANT_FIELD_LABEL1~Color,1.0,Y,"Lenceria de Mujer/LENCERIA JULIETA","PACK LENCERIA JULIETA-Art:J451<br />Pack x3 culotte less lisos<br />
Talles: Unico - 4 - 5<br />
Colores: Varios",1000,"J451 PACK X3 CULOTTE LESS"
8754,"LENCERIA JULIETA-Art:J451",0112002530,,"LENCERIA JULIETA-Art-J451-0112002530",PACK,X3,COM_VIRTUEMART_FIELD_MULTIVARIANT_LABEL,VM_MULTIVARIANT_FIELD_LABEL1~Color,1.0,Y,"Lenceria de Mujer/LENCERIA JULIETA","PACK LENCERIA JULIETA-Art:J451<br />Pack x3 culotte less lisos<br />
Talles: Unico - 4 - 5<br />
Colores: Varios",1000,"J451 PACK X3 TXL CULOTTE LESS"
8754,"LENCERIA JULIETA-Art:J451",0112003010,,"LENCERIA JULIETA-Art-J451-0112003010",PACK,X3,COM_VIRTUEMART_FIELD_MULTIVARIANT_LABEL,VM_MULTIVARIANT_FIELD_LABEL1~Color,1.0,Y,"Lenceria de Mujer/LENCERIA JULIETA","PACK LENCERIA JULIETA-Art:J451<br />Pack x3 culotte less lisos<br />
Talles: Unico - 4 - 5<br />
Colores: Varios",1000,"J451 PACK X3 CULOTTE LESS"
8757,"LENCERIA JULIETA-Art:J452",0112017170,,"LENCERIA JULIETA-Art-J452-0112017170",Culotte Less,est,COM_VIRTUEMART_FIELD_MULTIVARIANT_LABEL,VM_MULTIVARIANT_FIELD_LABEL1~Color,1.0,Y,"Lenceria de Mujer/LENCERIA JULIETA","PACK LENCERIA JULIETA-Art:J452<br />Pack x3 1 lisa 2 estampadas<br />
Talles: Unico - 4 - 5<br />
Colores: Varios",1000,"J452 Culotte Less est X2"
8757,"LENCERIA JULIETA-Art:J452",0112017160,,"LENCERIA JULIETA-Art-J452-0112017160",Culotte ,Less,COM_VIRTUEMART_FIELD_MULTIVARIANT_LABEL,VM_MULTIVARIANT_FIELD_LABEL1~Color,1.0,Y,"Lenceria de Mujer/LENCERIA JULIETA","PACK LENCERIA JULIETA-Art:J452<br />Pack x3 1 lisa 2 estampadas<br />
Talles: Unico - 4 - 5<br />
Colores: Varios",1000,"J452 Culotte  Less est X2"
8757,"LENCERIA JULIETA-Art:J452",0112002250,,"LENCERIA JULIETA-Art-J452-0112002250",PACK,X3,COM_VIRTUEMART_FIELD_MULTIVARIANT_LABEL,VM_MULTIVARIANT_FIELD_LABEL1~Color,1.0,Y,"Lenceria de Mujer/LENCERIA JULIETA","PACK LENCERIA JULIETA-Art:J452<br />Pack x3 1 lisa 2 estampadas<br />
Talles: Unico - 4 - 5<br />
Colores: Varios",1000,"J452 PACK X3 CULOTTE LESS"
8757,"LENCERIA JULIETA-Art:J452",0112002540,,"LENCERIA JULIETA-Art-J452-0112002540",PACK,X3,COM_VIRTUEMART_FIELD_MULTIVARIANT_LABEL,VM_MULTIVARIANT_FIELD_LABEL1~Color,1.0,Y,"Lenceria de Mujer/LENCERIA JULIETA","PACK LENCERIA JULIETA-Art:J452<br />Pack x3 1 lisa 2 estampadas<br />
Talles: Unico - 4 - 5<br />
Colores: Varios",1000,"J452 PACK X3 TXL CULOTTE LESS"
8757,"LENCERIA JULIETA-Art:J452",0112003020,,"LENCERIA JULIETA-Art-J452-0112003020",PACK,X3,COM_VIRTUEMART_FIELD_MULTIVARIANT_LABEL,VM_MULTIVARIANT_FIELD_LABEL1~Color,1.0,Y,"Lenceria de Mujer/LENCERIA JULIETA","PACK LENCERIA JULIETA-Art:J452<br />Pack x3 1 lisa 2 estampadas<br />
Talles: Unico - 4 - 5<br />
Colores: Varios",1000,"J452 PACK X3 CULOTTE LESS"
8751,"LENCERIA JULIETA-Art:J453",0105003860,,"LENCERIA JULIETA-Art-J453-0105003860",CULOTTE,LESS,COM_VIRTUEMART_FIELD_MULTIVARIANT_LABEL,VM_MULTIVARIANT_FIELD_LABEL1~Color,1.0,Y,"Lenceria de Mujer/LENCERIA JULIETA","BOMBACHA LENCERIA JULIETA-Art:J453<br />Pack x3 unidades estampadas<br />
Talles: Unico<br />
Colores: Varios",1000,"J453 CULOTTE LESS SIN COSTURA"
8751,"LENCERIA JULIETA-Art:J453",0105003870,,"LENCERIA JULIETA-Art-J453-0105003870",CULOTTE,LESS,COM_VIRTUEMART_FIELD_MULTIVARIANT_LABEL,VM_MULTIVARIANT_FIELD_LABEL1~Color,1.0,Y,"Lenceria de Mujer/LENCERIA JULIETA","BOMBACHA LENCERIA JULIETA-Art:J453<br />Pack x3 unidades estampadas<br />
Talles: Unico<br />
Colores: Varios",1000,"J453 CULOTTE LESS SIN COSTURA"
8751,"LENCERIA JULIETA-Art:J453",0112002260,,"LENCERIA JULIETA-Art-J453-0112002260",PACK,X3,COM_VIRTUEMART_FIELD_MULTIVARIANT_LABEL,VM_MULTIVARIANT_FIELD_LABEL1~Color,1.0,Y,"Lenceria de Mujer/LENCERIA JULIETA","PACK LENCERIA JULIETA-Art:J453<br />Pack x3 unidades estampadas<br />
Talles: Unico<br />
Colores: Varios",1000,"J453 PACK X3 CULOTTE LESS"
8751,"LENCERIA JULIETA-Art:J453",0112002550,,"LENCERIA JULIETA-Art-J453-0112002550",PACK,X3,COM_VIRTUEMART_FIELD_MULTIVARIANT_LABEL,VM_MULTIVARIANT_FIELD_LABEL1~Color,1.0,Y,"Lenceria de Mujer/LENCERIA JULIETA","PACK LENCERIA JULIETA-Art:J453<br />Pack x3 unidades estampadas<br />
Talles: Unico<br />
Colores: Varios",1000,"J453 PACK X3 TXL CULOTTE LESS"
8751,"LENCERIA JULIETA-Art:J453",0112003030,,"LENCERIA JULIETA-Art-J453-0112003030",PACK,X3,COM_VIRTUEMART_FIELD_MULTIVARIANT_LABEL,VM_MULTIVARIANT_FIELD_LABEL1~Color,1.0,Y,"Lenceria de Mujer/LENCERIA JULIETA","PACK LENCERIA JULIETA-Art:J453<br />Pack x3 unidades estampadas<br />
Talles: Unico<br />
Colores: Varios",1000,"J453 PACK X3 CULOTTE LESS"
8764,"LENCERIA JULIETA-Art:J460",0112002270,,"LENCERIA JULIETA-Art-J460-0112002270",PACK,X3,COM_VIRTUEMART_FIELD_MULTIVARIANT_LABEL,VM_MULTIVARIANT_FIELD_LABEL1~Color,1.0,Y,"Lenceria de Mujer/LENCERIA JULIETA","PACK LENCERIA JULIETA-Art:J460<br />Pack x3  unidades lisas<br />
Talles: Unico<br />
Colores: Varios",1000,"J460 PACK X3 LESS ENT CON PUNT"
8764,"LENCERIA JULIETA-Art:J460",0112003040,,"LENCERIA JULIETA-Art-J460-0112003040",PACK,X3,COM_VIRTUEMART_FIELD_MULTIVARIANT_LABEL,VM_MULTIVARIANT_FIELD_LABEL1~Color,1.0,Y,"Lenceria de Mujer/LENCERIA JULIETA","PACK LENCERIA JULIETA-Art:J460<br />Pack x3  unidades lisas<br />
Talles: Unico<br />
Colores: Varios",1000,"J460 PACK X3 COLALESS"
8766,"LENCERIA JULIETA-Art:J461",0112002280,,"LENCERIA JULIETA-Art-J461-0112002280",PACK,X3,COM_VIRTUEMART_FIELD_MULTIVARIANT_LABEL,VM_MULTIVARIANT_FIELD_LABEL1~Color,1.0,Y,"Lenceria de Mujer/LENCERIA JULIETA","PACK LENCERIA JULIETA-Art:J461<br />Pack x3  2 unidades lisas 1 estampada<br />
Talles: Unico<br />
Colores: Varios",1000,"J461 PACK X3 LESS ENT CON PUNT"
8766,"LENCERIA JULIETA-Art:J461",0112003050,,"LENCERIA JULIETA-Art-J461-0112003050",PACK,X3,COM_VIRTUEMART_FIELD_MULTIVARIANT_LABEL,VM_MULTIVARIANT_FIELD_LABEL1~Color,1.0,Y,"Lenceria de Mujer/LENCERIA JULIETA","PACK LENCERIA JULIETA-Art:J461<br />Pack x3  2 unidades lisas 1 estampada<br />
Talles: Unico<br />
Colores: Varios",1000,"J461 PACK X3 LESS ENTERA"
8767,"LENCERIA JULIETA-Art:J462",0112002290,,"LENCERIA JULIETA-Art-J462-0112002290",PACK,X3,COM_VIRTUEMART_FIELD_MULTIVARIANT_LABEL,VM_MULTIVARIANT_FIELD_LABEL1~Color,1.0,Y,"Lenceria de Mujer/LENCERIA JULIETA","PACK LENCERIA JULIETA-Art:J462<br />Pack x3  1 unidad lisas 2 estampadas<br />
Talles: Unico<br />
Colores: Varios",1000,"J462 PACK X3 LESS ENT CON PUNT"
8767,"LENCERIA JULIETA-Art:J462",0112003060,,"LENCERIA JULIETA-Art-J462-0112003060",PACK,X3,COM_VIRTUEMART_FIELD_MULTIVARIANT_LABEL,VM_MULTIVARIANT_FIELD_LABEL1~Color,1.0,Y,"Lenceria de Mujer/LENCERIA JULIETA","PACK LENCERIA JULIETA-Art:J462<br />Pack x3  1 unidad lisas 2 estampadas<br />
Talles: Unico<br />
Colores: Varios",1000,"J462 PACK X3 LESS ENTERA"
8765,"LENCERIA JULIETA-Art:J463",0112002300,,"LENCERIA JULIETA-Art-J463-0112002300",PACK,X3,COM_VIRTUEMART_FIELD_MULTIVARIANT_LABEL,VM_MULTIVARIANT_FIELD_LABEL1~Color,1.0,Y,"Lenceria de Mujer/LENCERIA JULIETA","PACK LENCERIA JULIETA-Art:J463<br />Pack x3  unidades estampadas<br />
Talles: Unico<br />
Colores: Varios",1000,"J463 PACK X3 LESS ENT CON PUNT"
8765,"LENCERIA JULIETA-Art:J463",0112003070,,"LENCERIA JULIETA-Art-J463-0112003070",PACK,X3,COM_VIRTUEMART_FIELD_MULTIVARIANT_LABEL,VM_MULTIVARIANT_FIELD_LABEL1~Color,1.0,Y,"Lenceria de Mujer/LENCERIA JULIETA","PACK LENCERIA JULIETA-Art:J463<br />Pack x3  unidades estampadas<br />
Talles: Unico<br />
Colores: Varios",1000,"J463 PACK X3 LESS ENTERA"
8768,"LENCERIA JULIETA-Art:J470",0112017180,,"LENCERIA JULIETA-Art-J470-0112017180",PACK,X,COM_VIRTUEMART_FIELD_MULTIVARIANT_LABEL,VM_MULTIVARIANT_FIELD_LABEL1~Color,1.0,Y,"Lenceria de Mujer/LENCERIA JULIETA","PACK LENCERIA JULIETA-Art:J470<br />Pack x3  unidades lisas<br />
Talles: Unico<br />
Colores: Varios",1000,"J470 PACK X 3 LISAS"
8769,"LENCERIA JULIETA-Art:J471",0112017190,,"LENCERIA JULIETA-Art-J471-0112017190",PACK,X3,COM_VIRTUEMART_FIELD_MULTIVARIANT_LABEL,VM_MULTIVARIANT_FIELD_LABEL1~Color,1.0,Y,"Lenceria de Mujer/LENCERIA JULIETA","PACK LENCERIA JULIETA-Art:J471<br />Pack x3  2  unidades lisas 1  estampada<br />
Talles: Unico<br />
Colores: Varios",1000,"J471 PACK X3 LIS/EST"
8770,"LENCERIA JULIETA-Art:J472",0112017200,,"LENCERIA JULIETA-Art-J472-0112017200",PACK,X3,COM_VIRTUEMART_FIELD_MULTIVARIANT_LABEL,VM_MULTIVARIANT_FIELD_LABEL1~Color,1.0,Y,"Lenceria de Mujer/LENCERIA JULIETA","PACK LENCERIA JULIETA-Art:J472<br />Pack x3  1 unidad lisa 2  estampadas<br />
Talles: Unico<br />
Colores: Varios",1000,"J472 PACK X3 LIS/EST"
8771,"LENCERIA JULIETA-Art:J473",0112017210,,"LENCERIA JULIETA-Art-J473-0112017210",PACK,X3,COM_VIRTUEMART_FIELD_MULTIVARIANT_LABEL,VM_MULTIVARIANT_FIELD_LABEL1~Color,1.0,Y,"Lenceria de Mujer/LENCERIA JULIETA","PACK LENCERIA JULIETA-Art:J473<br />Pack x3  unidades estampadas<br />
Talles: Unico<br />
Colores: Varios",1000,"J473 PACK X3 ESTAM"
4217,"LENCERIA JULIETA-Art:J651",0101044740,,"LENCERIA JULIETA-Art-J651-0101044740",T1,ALMENDRA,COM_VIRTUEMART_FIELD_MULTIVARIANT_LABEL,VM_MULTIVARIANT_FIELD_LABEL1~Color,1.0,Y,"Lenceria de Mujer/LENCERIA JULIETA","CONJUNTO LENCERIA JULIETA-Art:J651<br />Conjunto Algodón con base y Cola less.<br />
Talles: 1 - 2 - 3 - 4<br />
Colores: Blanco - Azul - Salmón - Avellana",2,"J651 T1 ALMENDRA"
4217,"LENCERIA JULIETA-Art:J651",0101044720,,"LENCERIA JULIETA-Art-J651-0101044720",T1,BLANCO,COM_VIRTUEMART_FIELD_MULTIVARIANT_LABEL,VM_MULTIVARIANT_FIELD_LABEL1~Color,1.0,Y,"Lenceria de Mujer/LENCERIA JULIETA","CONJUNTO LENCERIA JULIETA-Art:J651<br />Conjunto Algodón con base y Cola less.<br />
Talles: 1 - 2 - 3 - 4<br />
Colores: Blanco - Azul - Salmón - Avellana",2,"J651 T1 BLANCO"
4217,"LENCERIA JULIETA-Art:J651",0101044750,,"LENCERIA JULIETA-Art-J651-0101044750",T1,FRANCIA,COM_VIRTUEMART_FIELD_MULTIVARIANT_LABEL,VM_MULTIVARIANT_FIELD_LABEL1~Color,1.0,Y,"Lenceria de Mujer/LENCERIA JULIETA","CONJUNTO LENCERIA JULIETA-Art:J651<br />Conjunto Algodón con base y Cola less.<br />
Talles: 1 - 2 - 3 - 4<br />
Colores: Blanco - Azul - Salmón - Avellana",2,"J651 T1 FRANCIA"
4217,"LENCERIA JULIETA-Art:J651",0101044730,,"LENCERIA JULIETA-Art-J651-0101044730",T1,SALMON,COM_VIRTUEMART_FIELD_MULTIVARIANT_LABEL,VM_MULTIVARIANT_FIELD_LABEL1~Color,1.0,Y,"Lenceria de Mujer/LENCERIA JULIETA","CONJUNTO LENCERIA JULIETA-Art:J651<br />Conjunto Algodón con base y Cola less.<br />
Talles: 1 - 2 - 3 - 4<br />
Colores: Blanco - Azul - Salmón - Avellana",2,"J651 T1 SALMON"
4217,"LENCERIA JULIETA-Art:J651",0101044780,,"LENCERIA JULIETA-Art-J651-0101044780",T2,ALMENDRA,COM_VIRTUEMART_FIELD_MULTIVARIANT_LABEL,VM_MULTIVARIANT_FIELD_LABEL1~Color,1.0,Y,"Lenceria de Mujer/LENCERIA JULIETA","CONJUNTO LENCERIA JULIETA-Art:J651<br />Conjunto Algodón con base y Cola less.<br />
Talles: 1 - 2 - 3 - 4<br />
Colores: Blanco - Azul - Salmón - Avellana",3,"J651 T2 ALMENDRA"
4217,"LENCERIA JULIETA-Art:J651",0101044760,,"LENCERIA JULIETA-Art-J651-0101044760",T2,BLANCO,COM_VIRTUEMART_FIELD_MULTIVARIANT_LABEL,VM_MULTIVARIANT_FIELD_LABEL1~Color,1.0,Y,"Lenceria de Mujer/LENCERIA JULIETA","CONJUNTO LENCERIA JULIETA-Art:J651<br />Conjunto Algodón con base y Cola less.<br />
Talles: 1 - 2 - 3 - 4<br />
Colores: Blanco - Azul - Salmón - Avellana",3,"J651 T2 BLANCO"
4217,"LENCERIA JULIETA-Art:J651",0101044790,,"LENCERIA JULIETA-Art-J651-0101044790",T2,FRANCIA,COM_VIRTUEMART_FIELD_MULTIVARIANT_LABEL,VM_MULTIVARIANT_FIELD_LABEL1~Color,1.0,Y,"Lenceria de Mujer/LENCERIA JULIETA","CONJUNTO LENCERIA JULIETA-Art:J651<br />Conjunto Algodón con base y Cola less.<br />
Talles: 1 - 2 - 3 - 4<br />
Colores: Blanco - Azul - Salmón - Avellana",3,"J651 T2 FRANCIA"
4217,"LENCERIA JULIETA-Art:J651",0101044770,,"LENCERIA JULIETA-Art-J651-0101044770",T2,SALMON,COM_VIRTUEMART_FIELD_MULTIVARIANT_LABEL,VM_MULTIVARIANT_FIELD_LABEL1~Color,1.0,Y,"Lenceria de Mujer/LENCERIA JULIETA","CONJUNTO LENCERIA JULIETA-Art:J651<br />Conjunto Algodón con base y Cola less.<br />
Talles: 1 - 2 - 3 - 4<br />
Colores: Blanco - Azul - Salmón - Avellana",3,"J651 T2 SALMON"
4217,"LENCERIA JULIETA-Art:J651",0101044820,,"LENCERIA JULIETA-Art-J651-0101044820",T3,ALMENDRA,COM_VIRTUEMART_FIELD_MULTIVARIANT_LABEL,VM_MULTIVARIANT_FIELD_LABEL1~Color,1.0,Y,"Lenceria de Mujer/LENCERIA JULIETA","CONJUNTO LENCERIA JULIETA-Art:J651<br />Conjunto Algodón con base y Cola less.<br />
Talles: 1 - 2 - 3 - 4<br />
Colores: Blanco - Azul - Salmón - Avellana",4,"J651 T3 ALMENDRA"
4217,"LENCERIA JULIETA-Art:J651",0101044800,,"LENCERIA JULIETA-Art-J651-0101044800",T3,BLANCO,COM_VIRTUEMART_FIELD_MULTIVARIANT_LABEL,VM_MULTIVARIANT_FIELD_LABEL1~Color,1.0,Y,"Lenceria de Mujer/LENCERIA JULIETA","CONJUNTO LENCERIA JULIETA-Art:J651<br />Conjunto Algodón con base y Cola less.<br />
Talles: 1 - 2 - 3 - 4<br />
Colores: Blanco - Azul - Salmón - Avellana",4,"J651 T3 BLANCO"
4217,"LENCERIA JULIETA-Art:J651",0101044830,,"LENCERIA JULIETA-Art-J651-0101044830",T3,FRANCIA,COM_VIRTUEMART_FIELD_MULTIVARIANT_LABEL,VM_MULTIVARIANT_FIELD_LABEL1~Color,1.0,Y,"Lenceria de Mujer/LENCERIA JULIETA","CONJUNTO LENCERIA JULIETA-Art:J651<br />Conjunto Algodón con base y Cola less.<br />
Talles: 1 - 2 - 3 - 4<br />
Colores: Blanco - Azul - Salmón - Avellana",4,"J651 T3 FRANCIA"
4217,"LENCERIA JULIETA-Art:J651",0101044810,,"LENCERIA JULIETA-Art-J651-0101044810",T3,SALMON,COM_VIRTUEMART_FIELD_MULTIVARIANT_LABEL,VM_MULTIVARIANT_FIELD_LABEL1~Color,1.0,Y,"Lenceria de Mujer/LENCERIA JULIETA","CONJUNTO LENCERIA JULIETA-Art:J651<br />Conjunto Algodón con base y Cola less.<br />
Talles: 1 - 2 - 3 - 4<br />
Colores: Blanco - Azul - Salmón - Avellana",4,"J651 T3 SALMON"
4217,"LENCERIA JULIETA-Art:J651",0101044860,,"LENCERIA JULIETA-Art-J651-0101044860",T4,ALMENDRA,COM_VIRTUEMART_FIELD_MULTIVARIANT_LABEL,VM_MULTIVARIANT_FIELD_LABEL1~Color,1.0,Y,"Lenceria de Mujer/LENCERIA JULIETA","CONJUNTO LENCERIA JULIETA-Art:J651<br />Conjunto Algodón con base y Cola less.<br />
Talles: 1 - 2 - 3 - 4<br />
Colores: Blanco - Azul - Salmón - Avellana",5,"J651 T4 ALMENDRA"
4217,"LENCERIA JULIETA-Art:J651",0101044840,,"LENCERIA JULIETA-Art-J651-0101044840",T4,BLANCO,COM_VIRTUEMART_FIELD_MULTIVARIANT_LABEL,VM_MULTIVARIANT_FIELD_LABEL1~Color,1.0,Y,"Lenceria de Mujer/LENCERIA JULIETA","CONJUNTO LENCERIA JULIETA-Art:J651<br />Conjunto Algodón con base y Cola less.<br />
Talles: 1 - 2 - 3 - 4<br />
Colores: Blanco - Azul - Salmón - Avellana",5,"J651 T4 BLANCO"
4217,"LENCERIA JULIETA-Art:J651",0101044870,,"LENCERIA JULIETA-Art-J651-0101044870",T4,FRANCIA,COM_VIRTUEMART_FIELD_MULTIVARIANT_LABEL,VM_MULTIVARIANT_FIELD_LABEL1~Color,1.0,Y,"Lenceria de Mujer/LENCERIA JULIETA","CONJUNTO LENCERIA JULIETA-Art:J651<br />Conjunto Algodón con base y Cola less.<br />
Talles: 1 - 2 - 3 - 4<br />
Colores: Blanco - Azul - Salmón - Avellana",5,"J651 T4 FRANCIA"
4217,"LENCERIA JULIETA-Art:J651",0101044850,,"LENCERIA JULIETA-Art-J651-0101044850",T4,SALMON,COM_VIRTUEMART_FIELD_MULTIVARIANT_LABEL,VM_MULTIVARIANT_FIELD_LABEL1~Color,1.0,Y,"Lenceria de Mujer/LENCERIA JULIETA","CONJUNTO LENCERIA JULIETA-Art:J651<br />Conjunto Algodón con base y Cola less.<br />
Talles: 1 - 2 - 3 - 4<br />
Colores: Blanco - Azul - Salmón - Avellana",5,"J651 T4 SALMON"
4218,"LENCERIA JULIETA-Art:J652",0101044900,,"LENCERIA JULIETA-Art-J652-0101044900",T1,ALMENDRA,COM_VIRTUEMART_FIELD_MULTIVARIANT_LABEL,VM_MULTIVARIANT_FIELD_LABEL1~Color,1.0,Y,"Lenceria de Mujer/LENCERIA JULIETA","CONJUNTO LENCERIA JULIETA-Art:J652<br />Conjunto Algodón sin base con Cola less.<br />
Talles: 1 - 2 - 3 - 4<br />
Colores: Blanco - Azul - Salmón - Avellana",2,"J652 T1 ALMENDRA"
4218,"LENCERIA JULIETA-Art:J652",0101044880,,"LENCERIA JULIETA-Art-J652-0101044880",T1,BLANCO,COM_VIRTUEMART_FIELD_MULTIVARIANT_LABEL,VM_MULTIVARIANT_FIELD_LABEL1~Color,1.0,Y,"Lenceria de Mujer/LENCERIA JULIETA","CONJUNTO LENCERIA JULIETA-Art:J652<br />Conjunto Algodón sin base con Cola less.<br />
Talles: 1 - 2 - 3 - 4<br />
Colores: Blanco - Azul - Salmón - Avellana",2,"J652 T1 BLANCO"
4218,"LENCERIA JULIETA-Art:J652",0101044890,,"LENCERIA JULIETA-Art-J652-0101044890",T1,SALMON,COM_VIRTUEMART_FIELD_MULTIVARIANT_LABEL,VM_MULTIVARIANT_FIELD_LABEL1~Color,1.0,Y,"Lenceria de Mujer/LENCERIA JULIETA","CONJUNTO LENCERIA JULIETA-Art:J652<br />Conjunto Algodón sin base con Cola less.<br />
Talles: 1 - 2 - 3 - 4<br />
Colores: Blanco - Azul - Salmón - Avellana",2,"J652 T1 SALMON"
4218,"LENCERIA JULIETA-Art:J652",0101044940,,"LENCERIA JULIETA-Art-J652-0101044940",T2,ALMENDRA,COM_VIRTUEMART_FIELD_MULTIVARIANT_LABEL,VM_MULTIVARIANT_FIELD_LABEL1~Color,1.0,Y,"Lenceria de Mujer/LENCERIA JULIETA","CONJUNTO LENCERIA JULIETA-Art:J652<br />Conjunto Algodón sin base con Cola less.<br />
Talles: 1 - 2 - 3 - 4<br />
Colores: Blanco - Azul - Salmón - Avellana",3,"J652 T2 ALMENDRA"
4218,"LENCERIA JULIETA-Art:J652",0101044920,,"LENCERIA JULIETA-Art-J652-0101044920",T2,BLANCO,COM_VIRTUEMART_FIELD_MULTIVARIANT_LABEL,VM_MULTIVARIANT_FIELD_LABEL1~Color,1.0,Y,"Lenceria de Mujer/LENCERIA JULIETA","CONJUNTO LENCERIA JULIETA-Art:J652<br />Conjunto Algodón sin base con Cola less.<br />
Talles: 1 - 2 - 3 - 4<br />
Colores: Blanco - Azul - Salmón - Avellana",3,"J652 T2 BLANCO"
4218,"LENCERIA JULIETA-Art:J652",0101044950,,"LENCERIA JULIETA-Art-J652-0101044950",T2,FRANCIA,COM_VIRTUEMART_FIELD_MULTIVARIANT_LABEL,VM_MULTIVARIANT_FIELD_LABEL1~Color,1.0,Y,"Lenceria de Mujer/LENCERIA JULIETA","CONJUNTO LENCERIA JULIETA-Art:J652<br />Conjunto Algodón sin base con Cola less.<br />
Talles: 1 - 2 - 3 - 4<br />
Colores: Blanco - Azul - Salmón - Avellana",3,"J652 T2 FRANCIA"
4218,"LENCERIA JULIETA-Art:J652",0101044930,,"LENCERIA JULIETA-Art-J652-0101044930",T2,SALMON,COM_VIRTUEMART_FIELD_MULTIVARIANT_LABEL,VM_MULTIVARIANT_FIELD_LABEL1~Color,1.0,Y,"Lenceria de Mujer/LENCERIA JULIETA","CONJUNTO LENCERIA JULIETA-Art:J652<br />Conjunto Algodón sin base con Cola less.<br />
Talles: 1 - 2 - 3 - 4<br />
Colores: Blanco - Azul - Salmón - Avellana",3,"J652 T2 SALMON"
4218,"LENCERIA JULIETA-Art:J652",0101044980,,"LENCERIA JULIETA-Art-J652-0101044980",T3,ALMENDRA,COM_VIRTUEMART_FIELD_MULTIVARIANT_LABEL,VM_MULTIVARIANT_FIELD_LABEL1~Color,1.0,Y,"Lenceria de Mujer/LENCERIA JULIETA","CONJUNTO LENCERIA JULIETA-Art:J652<br />Conjunto Algodón sin base con Cola less.<br />
Talles: 1 - 2 - 3 - 4<br />
Colores: Blanco - Azul - Salmón - Avellana",4,"J652 T3 ALMENDRA"
4218,"LENCERIA JULIETA-Art:J652",0101044960,,"LENCERIA JULIETA-Art-J652-0101044960",T3,BLANCO,COM_VIRTUEMART_FIELD_MULTIVARIANT_LABEL,VM_MULTIVARIANT_FIELD_LABEL1~Color,1.0,Y,"Lenceria de Mujer/LENCERIA JULIETA","CONJUNTO LENCERIA JULIETA-Art:J652<br />Conjunto Algodón sin base con Cola less.<br />
Talles: 1 - 2 - 3 - 4<br />
Colores: Blanco - Azul - Salmón - Avellana",4,"J652 T3 BLANCO"
4218,"LENCERIA JULIETA-Art:J652",0101044990,,"LENCERIA JULIETA-Art-J652-0101044990",T3,FRANCIA,COM_VIRTUEMART_FIELD_MULTIVARIANT_LABEL,VM_MULTIVARIANT_FIELD_LABEL1~Color,1.0,Y,"Lenceria de Mujer/LENCERIA JULIETA","CONJUNTO LENCERIA JULIETA-Art:J652<br />Conjunto Algodón sin base con Cola less.<br />
Talles: 1 - 2 - 3 - 4<br />
Colores: Blanco - Azul - Salmón - Avellana",4,"J652 T3 FRANCIA"
4218,"LENCERIA JULIETA-Art:J652",0101044970,,"LENCERIA JULIETA-Art-J652-0101044970",T3,SALMON,COM_VIRTUEMART_FIELD_MULTIVARIANT_LABEL,VM_MULTIVARIANT_FIELD_LABEL1~Color,1.0,Y,"Lenceria de Mujer/LENCERIA JULIETA","CONJUNTO LENCERIA JULIETA-Art:J652<br />Conjunto Algodón sin base con Cola less.<br />
Talles: 1 - 2 - 3 - 4<br />
Colores: Blanco - Azul - Salmón - Avellana",4,"J652 T3 SALMON"
4218,"LENCERIA JULIETA-Art:J652",0101045020,,"LENCERIA JULIETA-Art-J652-0101045020",T4,ALMENDRA,COM_VIRTUEMART_FIELD_MULTIVARIANT_LABEL,VM_MULTIVARIANT_FIELD_LABEL1~Color,1.0,Y,"Lenceria de Mujer/LENCERIA JULIETA","CONJUNTO LENCERIA JULIETA-Art:J652<br />Conjunto Algodón sin base con Cola less.<br />
Talles: 1 - 2 - 3 - 4<br />
Colores: Blanco - Azul - Salmón - Avellana",5,"J652 T4 ALMENDRA"
4218,"LENCERIA JULIETA-Art:J652",0101045000,,"LENCERIA JULIETA-Art-J652-0101045000",T4,BLANCO,COM_VIRTUEMART_FIELD_MULTIVARIANT_LABEL,VM_MULTIVARIANT_FIELD_LABEL1~Color,1.0,Y,"Lenceria de Mujer/LENCERIA JULIETA","CONJUNTO LENCERIA JULIETA-Art:J652<br />Conjunto Algodón sin base con Cola less.<br />
Talles: 1 - 2 - 3 - 4<br />
Colores: Blanco - Azul - Salmón - Avellana",5,"J652 T4 BLANCO"
4218,"LENCERIA JULIETA-Art:J652",0101045030,,"LENCERIA JULIETA-Art-J652-0101045030",T4,FRANCIA,COM_VIRTUEMART_FIELD_MULTIVARIANT_LABEL,VM_MULTIVARIANT_FIELD_LABEL1~Color,1.0,Y,"Lenceria de Mujer/LENCERIA JULIETA","CONJUNTO LENCERIA JULIETA-Art:J652<br />Conjunto Algodón sin base con Cola less.<br />
Talles: 1 - 2 - 3 - 4<br />
Colores: Blanco - Azul - Salmón - Avellana",5,"J652 T4 FRANCIA"
4218,"LENCERIA JULIETA-Art:J652",0101045010,,"LENCERIA JULIETA-Art-J652-0101045010",T4,SALMON,COM_VIRTUEMART_FIELD_MULTIVARIANT_LABEL,VM_MULTIVARIANT_FIELD_LABEL1~Color,1.0,Y,"Lenceria de Mujer/LENCERIA JULIETA","CONJUNTO LENCERIA JULIETA-Art:J652<br />Conjunto Algodón sin base con Cola less.<br />
Talles: 1 - 2 - 3 - 4<br />
Colores: Blanco - Azul - Salmón - Avellana",5,"J652 T4 SALMON"
,"LENCERIA JULIETA-Art:J6521",0101044910,,"LENCERIA JULIETA-Art-J6521-0101044910",T1,FRANCIA,COM_VIRTUEMART_FIELD_MULTIVARIANT_LABEL,VM_MULTIVARIANT_FIELD_LABEL1~Color,1.0,Y,"Lenceria de Mujer/LENCERIA JULIETA","CONJUNTO LENCERIA JULIETA-Art:J6521<br />T1 - FRANCIA",2,"J6521 T1 FRANCIA"
4219,"LENCERIA JULIETA-Art:J653",0101045060,,"LENCERIA JULIETA-Art-J653-0101045060",T1,ALMENDRA,COM_VIRTUEMART_FIELD_MULTIVARIANT_LABEL,VM_MULTIVARIANT_FIELD_LABEL1~Color,1.0,Y,"Lenceria de Mujer/LENCERIA JULIETA","CONJUNTO LENCERIA JULIETA-Art:J653<br />Conjunto Algodón sin base con Vedetina.<br />
Talles: 1 - 2 - 3 - 4<br />
Colores: Blanco - Azul - Salmón - Avellana",2,"J653 T1 ALMENDRA"
4219,"LENCERIA JULIETA-Art:J653",0101045040,,"LENCERIA JULIETA-Art-J653-0101045040",T1,BLANCO,COM_VIRTUEMART_FIELD_MULTIVARIANT_LABEL,VM_MULTIVARIANT_FIELD_LABEL1~Color,1.0,Y,"Lenceria de Mujer/LENCERIA JULIETA","CONJUNTO LENCERIA JULIETA-Art:J653<br />Conjunto Algodón sin base con Vedetina.<br />
Talles: 1 - 2 - 3 - 4<br />
Colores: Blanco - Azul - Salmón - Avellana",2,"J653 T1 BLANCO"
4219,"LENCERIA JULIETA-Art:J653",0101045070,,"LENCERIA JULIETA-Art-J653-0101045070",T1,FRANCIA,COM_VIRTUEMART_FIELD_MULTIVARIANT_LABEL,VM_MULTIVARIANT_FIELD_LABEL1~Color,1.0,Y,"Lenceria de Mujer/LENCERIA JULIETA","CONJUNTO LENCERIA JULIETA-Art:J653<br />Conjunto Algodón sin base con Vedetina.<br />
Talles: 1 - 2 - 3 - 4<br />
Colores: Blanco - Azul - Salmón - Avellana",2,"J653 T1 FRANCIA"
4219,"LENCERIA JULIETA-Art:J653",0101045050,,"LENCERIA JULIETA-Art-J653-0101045050",T1,SALMON,COM_VIRTUEMART_FIELD_MULTIVARIANT_LABEL,VM_MULTIVARIANT_FIELD_LABEL1~Color,1.0,Y,"Lenceria de Mujer/LENCERIA JULIETA","CONJUNTO LENCERIA JULIETA-Art:J653<br />Conjunto Algodón sin base con Vedetina.<br />
Talles: 1 - 2 - 3 - 4<br />
Colores: Blanco - Azul - Salmón - Avellana",2,"J653 T1 SALMON"
4219,"LENCERIA JULIETA-Art:J653",0101045100,,"LENCERIA JULIETA-Art-J653-0101045100",T2,ALMENDRA,COM_VIRTUEMART_FIELD_MULTIVARIANT_LABEL,VM_MULTIVARIANT_FIELD_LABEL1~Color,1.0,Y,"Lenceria de Mujer/LENCERIA JULIETA","CONJUNTO LENCERIA JULIETA-Art:J653<br />Conjunto Algodón sin base con Vedetina.<br />
Talles: 1 - 2 - 3 - 4<br />
Colores: Blanco - Azul - Salmón - Avellana",3,"J653 T2 ALMENDRA"
4219,"LENCERIA JULIETA-Art:J653",0101045080,,"LENCERIA JULIETA-Art-J653-0101045080",T2,BLANCO,COM_VIRTUEMART_FIELD_MULTIVARIANT_LABEL,VM_MULTIVARIANT_FIELD_LABEL1~Color,1.0,Y,"Lenceria de Mujer/LENCERIA JULIETA","CONJUNTO LENCERIA JULIETA-Art:J653<br />Conjunto Algodón sin base con Vedetina.<br />
Talles: 1 - 2 - 3 - 4<br />
Colores: Blanco - Azul - Salmón - Avellana",3,"J653 T2 BLANCO"
4219,"LENCERIA JULIETA-Art:J653",0101045110,,"LENCERIA JULIETA-Art-J653-0101045110",T2,FRANCIA,COM_VIRTUEMART_FIELD_MULTIVARIANT_LABEL,VM_MULTIVARIANT_FIELD_LABEL1~Color,1.0,Y,"Lenceria de Mujer/LENCERIA JULIETA","CONJUNTO LENCERIA JULIETA-Art:J653<br />Conjunto Algodón sin base con Vedetina.<br />
Talles: 1 - 2 - 3 - 4<br />
Colores: Blanco - Azul - Salmón - Avellana",3,"J653 T2 FRANCIA"
4219,"LENCERIA JULIETA-Art:J653",0101045090,,"LENCERIA JULIETA-Art-J653-0101045090",T2,SALMON,COM_VIRTUEMART_FIELD_MULTIVARIANT_LABEL,VM_MULTIVARIANT_FIELD_LABEL1~Color,1.0,Y,"Lenceria de Mujer/LENCERIA JULIETA","CONJUNTO LENCERIA JULIETA-Art:J653<br />Conjunto Algodón sin base con Vedetina.<br />
Talles: 1 - 2 - 3 - 4<br />
Colores: Blanco - Azul - Salmón - Avellana",3,"J653 T2 SALMON"
4219,"LENCERIA JULIETA-Art:J653",0101045140,,"LENCERIA JULIETA-Art-J653-0101045140",T3,ALMENDRA,COM_VIRTUEMART_FIELD_MULTIVARIANT_LABEL,VM_MULTIVARIANT_FIELD_LABEL1~Color,1.0,Y,"Lenceria de Mujer/LENCERIA JULIETA","CONJUNTO LENCERIA JULIETA-Art:J653<br />Conjunto Algodón sin base con Vedetina.<br />
Talles: 1 - 2 - 3 - 4<br />
Colores: Blanco - Azul - Salmón - Avellana",4,"J653 T3 ALMENDRA"
4219,"LENCERIA JULIETA-Art:J653",0101045120,,"LENCERIA JULIETA-Art-J653-0101045120",T3,BLANCO,COM_VIRTUEMART_FIELD_MULTIVARIANT_LABEL,VM_MULTIVARIANT_FIELD_LABEL1~Color,1.0,Y,"Lenceria de Mujer/LENCERIA JULIETA","CONJUNTO LENCERIA JULIETA-Art:J653<br />Conjunto Algodón sin base con Vedetina.<br />
Talles: 1 - 2 - 3 - 4<br />
Colores: Blanco - Azul - Salmón - Avellana",4,"J653 T3 BLANCO"
4219,"LENCERIA JULIETA-Art:J653",0101045150,,"LENCERIA JULIETA-Art-J653-0101045150",T3,FRANCIA,COM_VIRTUEMART_FIELD_MULTIVARIANT_LABEL,VM_MULTIVARIANT_FIELD_LABEL1~Color,1.0,Y,"Lenceria de Mujer/LENCERIA JULIETA","CONJUNTO LENCERIA JULIETA-Art:J653<br />Conjunto Algodón sin base con Vedetina.<br />
Talles: 1 - 2 - 3 - 4<br />
Colores: Blanco - Azul - Salmón - Avellana",4,"J653 T3 FRANCIA"
4219,"LENCERIA JULIETA-Art:J653",0101045130,,"LENCERIA JULIETA-Art-J653-0101045130",T3,SALMON,COM_VIRTUEMART_FIELD_MULTIVARIANT_LABEL,VM_MULTIVARIANT_FIELD_LABEL1~Color,1.0,Y,"Lenceria de Mujer/LENCERIA JULIETA","CONJUNTO LENCERIA JULIETA-Art:J653<br />Conjunto Algodón sin base con Vedetina.<br />
Talles: 1 - 2 - 3 - 4<br />
Colores: Blanco - Azul - Salmón - Avellana",4,"J653 T3 SALMON"
4219,"LENCERIA JULIETA-Art:J653",0101045180,,"LENCERIA JULIETA-Art-J653-0101045180",T4,ALMENDRA,COM_VIRTUEMART_FIELD_MULTIVARIANT_LABEL,VM_MULTIVARIANT_FIELD_LABEL1~Color,1.0,Y,"Lenceria de Mujer/LENCERIA JULIETA","CONJUNTO LENCERIA JULIETA-Art:J653<br />Conjunto Algodón sin base con Vedetina.<br />
Talles: 1 - 2 - 3 - 4<br />
Colores: Blanco - Azul - Salmón - Avellana",5,"J653 T4 ALMENDRA"
4219,"LENCERIA JULIETA-Art:J653",0101045160,,"LENCERIA JULIETA-Art-J653-0101045160",T4,BLANCO,COM_VIRTUEMART_FIELD_MULTIVARIANT_LABEL,VM_MULTIVARIANT_FIELD_LABEL1~Color,1.0,Y,"Lenceria de Mujer/LENCERIA JULIETA","CONJUNTO LENCERIA JULIETA-Art:J653<br />Conjunto Algodón sin base con Vedetina.<br />
Talles: 1 - 2 - 3 - 4<br />
Colores: Blanco - Azul - Salmón - Avellana",5,"J653 T4 BLANCO"
4219,"LENCERIA JULIETA-Art:J653",0101045190,,"LENCERIA JULIETA-Art-J653-0101045190",T4,FRANCIA,COM_VIRTUEMART_FIELD_MULTIVARIANT_LABEL,VM_MULTIVARIANT_FIELD_LABEL1~Color,1.0,Y,"Lenceria de Mujer/LENCERIA JULIETA","CONJUNTO LENCERIA JULIETA-Art:J653<br />Conjunto Algodón sin base con Vedetina.<br />
Talles: 1 - 2 - 3 - 4<br />
Colores: Blanco - Azul - Salmón - Avellana",5,"J653 T4 FRANCIA"
4219,"LENCERIA JULIETA-Art:J653",0101045170,,"LENCERIA JULIETA-Art-J653-0101045170",T4,SALMON,COM_VIRTUEMART_FIELD_MULTIVARIANT_LABEL,VM_MULTIVARIANT_FIELD_LABEL1~Color,1.0,Y,"Lenceria de Mujer/LENCERIA JULIETA","CONJUNTO LENCERIA JULIETA-Art:J653<br />Conjunto Algodón sin base con Vedetina.<br />
Talles: 1 - 2 - 3 - 4<br />
Colores: Blanco - Azul - Salmón - Avellana",5,"J653 T4 SALMON"
,"LENCERIA JULIETA-Art:PACK",0112017220,,"LENCERIA JULIETA-Art-PACK-0112017220",OFERTA,VARIOS,COM_VIRTUEMART_FIELD_MULTIVARIANT_LABEL,VM_MULTIVARIANT_FIELD_LABEL1~Color,1.0,Y,"Lenceria de Mujer/LENCERIA JULIETA","PACK LENCERIA JULIETA-Art:PACK<br />OFERTA - VARIOS",1000,"PACK OFERTA"
