virtuemart_product_id,product_name,product_sku,product_parent_sku,slug,VM_MULTIVARIANT_FIELD_LABEL1,Color,multi_variant_title,multi_variant_fields,product_price,published,category_path,product_desc
11156,XY-Art:1001XY,0201043060,,XY-Art-1001XY-0201043060,T2,VERDE,COM_VIRTUEMART_FIELD_MULTIVARIANT_LABEL,VM_MULTIVARIANT_FIELD_LABEL1~Color,1.0,Y,Lenceria de Hombre/XY,"BOXER XY-Art:1001XY<br />Boxer de niño algodón con lycra estampado, Monstruitos<br />
Talles: 2 al 12<br />
Colores: MONSTRUITOS"
,XY-Art:1001XY,0201043040,0201043060,XY-Art-1001XY-0201043040,T4,AZUL,,,1.0,Y,,
,XY-Art:1001XY,0201043020,0201043060,XY-Art-1001XY-0201043020,T6,VERDE,,,1.0,Y,,
,XY-Art:1001XY,0201043070,0201043060,XY-Art-1001XY-0201043070,T8,AZUL,,,1.0,Y,,
,XY-Art:1001XY,0201043050,0201043060,XY-Art-1001XY-0201043050,T10,VERDE,,,1.0,Y,,
,XY-Art:1001XY,0201043030,0201043060,XY-Art-1001XY-0201043030,T12,AZUL,,,1.0,Y,,
2679,XY-Art:1002XY,0201029070,,XY-Art-1002XY-0201029070,T2,VARIOS,COM_VIRTUEMART_FIELD_MULTIVARIANT_LABEL,VM_MULTIVARIANT_FIELD_LABEL1~Color,1.0,Y,Lenceria de Hombre/XY,"BOXER XY-Art:1002XY<br />Boxer niño algodón con lycra® estampado con dibujo al frente. Sin dibujo al frente en talles 10 al 14<br />
Talles: 2 | 4 | 6 | 8 | 10 | 12 - Talles especiales: 14<br />
Colores: VERDE | ROJO | NARANJA | AZUL"
,XY-Art:1002XY,0201029080,0201029070,XY-Art-1002XY-0201029080,T4,VARIOS,,,1.0,Y,,
,XY-Art:1002XY,0201029090,0201029070,XY-Art-1002XY-0201029090,T6,VARIOS,,,1.0,Y,,
,XY-Art:1002XY,0201029100,0201029070,XY-Art-1002XY-0201029100,T8,VARIOS,,,1.0,Y,,
,XY-Art:1002XY,0201029040,0201029070,XY-Art-1002XY-0201029040,T10,VARIOS,,,1.0,Y,,
,XY-Art:1002XY,0201029050,0201029070,XY-Art-1002XY-0201029050,T12,VARIOS,,,1.0,Y,,
,XY-Art:1002XY,0201029060,0201029070,XY-Art-1002XY-0201029060,T14,VARIOS,,,1.0,Y,,
2674,XY-Art:1003XY,0201029130,,XY-Art-1003XY-0201029130,T2,VARIOS,COM_VIRTUEMART_FIELD_MULTIVARIANT_LABEL,VM_MULTIVARIANT_FIELD_LABEL1~Color,1.0,Y,Lenceria de Hombre/XY,"BOXER XY-Art:1003XY<br />Boxer niño algodón con lycra® estampado. elástico sublimado<br />
Talles: 2 | 4 | 6 | 8 | 10 | 12<br />
Colores: VERDE | AZUL | ROJO"
,XY-Art:1003XY,0201029140,0201029130,XY-Art-1003XY-0201029140,T4,VARIOS,,,1.0,Y,,
,XY-Art:1003XY,0201029150,0201029130,XY-Art-1003XY-0201029150,T6,VARIOS,,,1.0,Y,,
,XY-Art:1003XY,0201029160,0201029130,XY-Art-1003XY-0201029160,T8,VARIOS,,,1.0,Y,,
,XY-Art:1003XY,0201029110,0201029130,XY-Art-1003XY-0201029110,T10,VARIOS,,,1.0,Y,,
,XY-Art:1003XY,0201029120,0201029130,XY-Art-1003XY-0201029120,T12,VARIOS,,,1.0,Y,,
2677,XY-Art:1004XY,0201029190,,XY-Art-1004XY-0201029190,T2,VARIOS,COM_VIRTUEMART_FIELD_MULTIVARIANT_LABEL,VM_MULTIVARIANT_FIELD_LABEL1~Color,1.0,Y,Lenceria de Hombre/XY,"BOXER XY-Art:1004XY<br />Boxer niño algodón con lycra® estampado<br />
Talles: 2 | 4 | 6 | 8 | 10 | 12<br />
Colores: VERDE | AZUL | ROJO"
,XY-Art:1004XY,0201029200,0201029190,XY-Art-1004XY-0201029200,T4,VARIOS,,,1.0,Y,,
,XY-Art:1004XY,0201029210,0201029190,XY-Art-1004XY-0201029210,T6,VARIOS,,,1.0,Y,,
,XY-Art:1004XY,0201029220,0201029190,XY-Art-1004XY-0201029220,T8,VARIOS,,,1.0,Y,,
,XY-Art:1004XY,0201029170,0201029190,XY-Art-1004XY-0201029170,T10,VARIOS,,,1.0,Y,,
,XY-Art:1004XY,0201029180,0201029190,XY-Art-1004XY-0201029180,T12,VARIOS,,,1.0,Y,,
2676,XY-Art:1005XY,0201029250,,XY-Art-1005XY-0201029250,T2,VARIOS,COM_VIRTUEMART_FIELD_MULTIVARIANT_LABEL,VM_MULTIVARIANT_FIELD_LABEL1~Color,1.0,Y,Lenceria de Hombre/XY,"BOXER XY-Art:1005XY<br />Boxer niño algodón con lycra® estampado<br />
Talles: 2 | 4 | 6 | 8 | 10 | 12<br />
Colores: VERDE | AZUL | VERDE LIMA"
,XY-Art:1005XY,0201029260,0201029250,XY-Art-1005XY-0201029260,T4,VARIOS,,,1.0,Y,,
,XY-Art:1005XY,0201029270,0201029250,XY-Art-1005XY-0201029270,T6,VARIOS,,,1.0,Y,,
,XY-Art:1005XY,0201029280,0201029250,XY-Art-1005XY-0201029280,T8,VARIOS,,,1.0,Y,,
,XY-Art:1005XY,0201029230,0201029250,XY-Art-1005XY-0201029230,T10,VARIOS,,,1.0,Y,,
,XY-Art:1005XY,0201029240,0201029250,XY-Art-1005XY-0201029240,T12,VARIOS,,,1.0,Y,,
2672,XY-Art:1006XY,0201029320,,XY-Art-1006XY-0201029320,T2,VARIOS,COM_VIRTUEMART_FIELD_MULTIVARIANT_LABEL,VM_MULTIVARIANT_FIELD_LABEL1~Color,1.0,Y,Lenceria de Hombre/XY,"BOXER XY-Art:1006XY<br />Boxer niño algodón con lycra® liso con estampa. Sin estampa en talle 14.<br />
Talles: 2 | 4 | 6 | 8 | 10 | 12 - Talles especiales: 14<br />
Colores: COLORES SURTIDOS"
,XY-Art:1006XY,0201029330,0201029320,XY-Art-1006XY-0201029330,T4,VARIOS,,,1.0,Y,,
,XY-Art:1006XY,0201029340,0201029320,XY-Art-1006XY-0201029340,T6,VARIOS,,,1.0,Y,,
,XY-Art:1006XY,0201029350,0201029320,XY-Art-1006XY-0201029350,T8,VARIOS,,,1.0,Y,,
,XY-Art:1006XY,0201029290,0201029320,XY-Art-1006XY-0201029290,T10,VARIOS,,,1.0,Y,,
,XY-Art:1006XY,0201029300,0201029320,XY-Art-1006XY-0201029300,T12,VARIOS,,,1.0,Y,,
,XY-Art:1006XY,0201029310,0201029320,XY-Art-1006XY-0201029310,T14,VARIOS,,,1.0,Y,,
7493,XY-Art:1007XY,0201037940,,XY-Art-1007XY-0201037940,T2,ORIGAMI,COM_VIRTUEMART_FIELD_MULTIVARIANT_LABEL,VM_MULTIVARIANT_FIELD_LABEL1~Color,1.0,Y,Lenceria de Hombre/XY,"BOXER XY-Art:1007XY<br />Boxer niño de algodón con lycra estampado. ORIGAMI<br />
Talles: 2 - 4 - 6 - 8 - 10 - 12 <br />
Colores: Celeste / Amarillo"
,XY-Art:1007XY,0201037950,0201037940,XY-Art-1007XY-0201037950,T4,ORIGAMI,,,1.0,Y,,
,XY-Art:1007XY,0201037920,0201037940,XY-Art-1007XY-0201037920,T6,ORIGAMI,,,1.0,Y,,
,XY-Art:1007XY,0201037930,0201037940,XY-Art-1007XY-0201037930,T8,ORIGAMI,,,1.0,Y,,
,XY-Art:1007XY,0201037890,0201037940,XY-Art-1007XY-0201037890,T10,ORIGAMI,,,1.0,Y,,
,XY-Art:1007XY,0201037900,0201037940,XY-Art-1007XY-0201037900,T12,ORIGAMI,,,1.0,Y,,
,XY-Art:1007XY,0201037910,0201037940,XY-Art-1007XY-0201037910,T14,ORIGAMI,,,1.0,Y,,
11157,XY-Art:1008XY,0201043300,,XY-Art-1008XY-0201043300,T2,NEGRO,COM_VIRTUEMART_FIELD_MULTIVARIANT_LABEL,VM_MULTIVARIANT_FIELD_LABEL1~Color,1.0,Y,Lenceria de Hombre/XY,"BOXER XY-Art:1008XY<br />Boxer algodón con lycra estampado, Avioncitos<br />
Talles: 2 al 12<br />
Colores: AVIONCITOS"
,XY-Art:1008XY,0201043260,0201043300,XY-Art-1008XY-0201043260,T4,NEGRO,,,1.0,Y,,
,XY-Art:1008XY,0201043080,0201043300,XY-Art-1008XY-0201043080,T6,BLANCO,,,1.0,Y,,
,XY-Art:1008XY,0201043090,0201043300,XY-Art-1008XY-0201043090,T8,BLANCO,,,1.0,Y,,
,XY-Art:1008XY,0201043100,0201043300,XY-Art-1008XY-0201043100,T10,NEGRO,,,1.0,Y,,
,XY-Art:1008XY,0201043110,0201043300,XY-Art-1008XY-0201043110,T12,NEGRO,,,1.0,Y,,
7494,XY-Art:1009XY,0201037750,,XY-Art-1009XY-0201037750,T2,GATOS,COM_VIRTUEMART_FIELD_MULTIVARIANT_LABEL,VM_MULTIVARIANT_FIELD_LABEL1~Color,1.0,Y,Lenceria de Hombre/XY,"BOXER XY-Art:1009XY<br />Boxer niño de algodón con lycra estampado. GATOS<br />
Talles: 2 - 4 - 6 - 8 - 10 - 12 <br />
Colores: Azul / Blanco"
,XY-Art:1009XY,0201037760,0201037750,XY-Art-1009XY-0201037760,T4,GATOS,,,1.0,Y,,
,XY-Art:1009XY,0201037770,0201037750,XY-Art-1009XY-0201037770,T6,GATOS,,,1.0,Y,,
,XY-Art:1009XY,0201037780,0201037750,XY-Art-1009XY-0201037780,T8,GATOS,,,1.0,Y,,
,XY-Art:1009XY,0201037790,0201037750,XY-Art-1009XY-0201037790,T10,GATOS,,,1.0,Y,,
,XY-Art:1009XY,0201037800,0201037750,XY-Art-1009XY-0201037800,T12,GATOS,,,1.0,Y,,
,XY-Art:1009XY,0201037810,0201037750,XY-Art-1009XY-0201037810,T14,GATOS,,,1.0,Y,,
2673,XY-Art:1010XY,0201029390,,XY-Art-1010XY-0201029390,T2,VARIOS,COM_VIRTUEMART_FIELD_MULTIVARIANT_LABEL,VM_MULTIVARIANT_FIELD_LABEL1~Color,1.0,Y,Lenceria de Hombre/XY,"BOXER XY-Art:1010XY<br />Boxer niño algodón con lycra® estampado<br />
Talles: 2 | 4 | 6 | 8 | 10 | 12 - Talles especiales: 14<br />
Colores: COLORES SURTIDOS"
,XY-Art:1010XY,0201029400,0201029390,XY-Art-1010XY-0201029400,T4,VARIOS,,,1.0,Y,,
,XY-Art:1010XY,0201029410,0201029390,XY-Art-1010XY-0201029410,T6,VARIOS,,,1.0,Y,,
,XY-Art:1010XY,0201029420,0201029390,XY-Art-1010XY-0201029420,T8,VARIOS,,,1.0,Y,,
,XY-Art:1010XY,0201029360,0201029390,XY-Art-1010XY-0201029360,T10,VARIOS,,,1.0,Y,,
,XY-Art:1010XY,0201029370,0201029390,XY-Art-1010XY-0201029370,T12,VARIOS,,,1.0,Y,,
,XY-Art:1010XY,0201029380,0201029390,XY-Art-1010XY-0201029380,T14,VARIOS,,,1.0,Y,,
4994,XY-Art:1017XY,0201029460,,XY-Art-1017XY-0201029460,T2,VARIOS,COM_VIRTUEMART_FIELD_MULTIVARIANT_LABEL,VM_MULTIVARIANT_FIELD_LABEL1~Color,1.0,Y,Lenceria de Hombre/XY,"BOXER XY-Art:1017XY<br />Boxer niño algodón con lycra® con flechas jr.<br />
Talles: 2 | 4 | 6 | 8 | 10 | 12 - Talles especiales: 14<br />
Colores: COLORES SURTIDOS"
,XY-Art:1017XY,0201029470,0201029460,XY-Art-1017XY-0201029470,T4,VARIOS,,,1.0,Y,,
,XY-Art:1017XY,0201029480,0201029460,XY-Art-1017XY-0201029480,T6,VARIOS,,,1.0,Y,,
,XY-Art:1017XY,0201029490,0201029460,XY-Art-1017XY-0201029490,T8,VARIOS,,,1.0,Y,,
,XY-Art:1017XY,0201029430,0201029460,XY-Art-1017XY-0201029430,T10,VARIOS,,,1.0,Y,,
,XY-Art:1017XY,0201029440,0201029460,XY-Art-1017XY-0201029440,T12,VARIOS,,,1.0,Y,,
,XY-Art:1017XY,0201029450,0201029460,XY-Art-1017XY-0201029450,T14,VARIOS,,,1.0,Y,,
2678,XY-Art:1018XY,0201029530,,XY-Art-1018XY-0201029530,T2,VARIOS,COM_VIRTUEMART_FIELD_MULTIVARIANT_LABEL,VM_MULTIVARIANT_FIELD_LABEL1~Color,1.0,Y,Lenceria de Hombre/XY,"BOXER XY-Art:1018XY<br />Boxer niño algodón con lycra® estampado<br />
Talles: 2 | 4 | 6 | 8 | 10 | 12 - Talles especiales: 14<br />
Colores: VERDE | AZUL | ROJO"
,XY-Art:1018XY,0201029540,0201029530,XY-Art-1018XY-0201029540,T4,VARIOS,,,1.0,Y,,
,XY-Art:1018XY,0201029550,0201029530,XY-Art-1018XY-0201029550,T6,VARIOS,,,1.0,Y,,
,XY-Art:1018XY,0201029560,0201029530,XY-Art-1018XY-0201029560,T8,VARIOS,,,1.0,Y,,
,XY-Art:1018XY,0201029500,0201029530,XY-Art-1018XY-0201029500,T10,VARIOS,,,1.0,Y,,
,XY-Art:1018XY,0201029510,0201029530,XY-Art-1018XY-0201029510,T12,VARIOS,,,1.0,Y,,
,XY-Art:1018XY,0201029520,0201029530,XY-Art-1018XY-0201029520,T14,VARIOS,,,1.0,Y,,
5001,XY-Art:1020XY,0201029600,,XY-Art-1020XY-0201029600,T2,VARIOS,COM_VIRTUEMART_FIELD_MULTIVARIANT_LABEL,VM_MULTIVARIANT_FIELD_LABEL1~Color,1.0,Y,Lenceria de Hombre/XY,"BOXER XY-Art:1020XY<br />Boxer niño algodón con lycra® circuitos.<br />
Talles: 2 | 4 | 6 | 8 | 10 | 12 - Talles especiales: 14<br />
Colores: COLORES SURTIDOS"
5002,XY-Art:1020XY,0201029610,0201029600,XY-Art-1020XY-0201029610,T4,VARIOS,,,1.0,Y,,
5003,XY-Art:1020XY,0201029620,0201029600,XY-Art-1020XY-0201029620,T6,VARIOS,,,1.0,Y,,
5004,XY-Art:1020XY,0201029630,0201029600,XY-Art-1020XY-0201029630,T8,VARIOS,,,1.0,Y,,
5005,XY-Art:1020XY,0201029570,0201029600,XY-Art-1020XY-0201029570,T10,VARIOS,,,1.0,Y,,
5006,XY-Art:1020XY,0201029580,0201029600,XY-Art-1020XY-0201029580,T12,VARIOS,,,1.0,Y,,
5007,XY-Art:1020XY,0201029590,0201029600,XY-Art-1020XY-0201029590,T14,VARIOS,,,1.0,Y,,
7495,XY-Art:1062XY,0201038010,,XY-Art-1062XY-0201038010,T2,VARIOS,COM_VIRTUEMART_FIELD_MULTIVARIANT_LABEL,VM_MULTIVARIANT_FIELD_LABEL1~Color,1.0,Y,Lenceria de Hombre/XY,<p>Boxer niño de algodón con lycra estampado. GATOS<br /> Talles: 2 - 4 - 6 - 8 - 10 - 12 <br /> Colores: Verde / Azul / Coral</p>
,XY-Art:1062XY,0201038020,0201038010,XY-Art-1062XY-0201038020,T4,VARIOS,,,1.0,Y,,
,XY-Art:1062XY,0201037980,0201038010,XY-Art-1062XY-0201037980,T6,VARIOS,,,1.0,Y,,
,XY-Art:1062XY,0201037990,0201038010,XY-Art-1062XY-0201037990,T8,VARIOS,,,1.0,Y,,
,XY-Art:1062XY,0201038000,0201038010,XY-Art-1062XY-0201038000,T10,VARIOS,,,1.0,Y,,
,XY-Art:1062XY,0201037960,0201038010,XY-Art-1062XY-0201037960,T12,VARIOS,,,1.0,Y,,
,XY-Art:1062XY,0201037970,0201038010,XY-Art-1062XY-0201037970,T14,VARIOS,,,1.0,Y,,
5008,XY-Art:1090XY,0201029670,,XY-Art-1090XY-0201029670,T2,VARIOS,COM_VIRTUEMART_FIELD_MULTIVARIANT_LABEL,VM_MULTIVARIANT_FIELD_LABEL1~Color,1.0,Y,Lenceria de Hombre/XY,"BOXER XY-Art:1090XY<br />Boxer niño algodón con lycra® rayado vertical jr.<br />
Talles: 2 | 4 | 6 | 8 | 10 | 12 - Talles especiales: 14<br />
Colores: COLORES SURTIDOS"
7496,XY-Art:1090XY,0201029680,0201029670,XY-Art-1090XY-0201029680,T4,VARIOS,,,1.0,Y,,
7497,XY-Art:1090XY,0201029690,0201029670,XY-Art-1090XY-0201029690,T6,VARIOS,,,1.0,Y,,
7498,XY-Art:1090XYT8,0201029700,0201029670,XY-Art-1090XYT8-0201029700,T8,VARIOS,,,1.0,Y,,
7499,XY-Art:1090XYT10,0201029640,0201029670,XY-Art-1090XYT10-0201029640,T10,VARIOS,,,1.0,Y,,
7500,XY-Art:1090XYT12,0201029650,0201029670,XY-Art-1090XYT12-0201029650,T12,VARIOS,,,1.0,Y,,
7501,XY-Art:1090XY,0201029660,0201029670,XY-Art-1090XY-0201029660,T14,VARIOS,,,1.0,Y,,
2675,XY-Art:1096XY,0201029740,,XY-Art-1096XY-0201029740,T2,VARIOS,COM_VIRTUEMART_FIELD_MULTIVARIANT_LABEL,VM_MULTIVARIANT_FIELD_LABEL1~Color,1.0,Y,Lenceria de Hombre/XY,"<p>ART: 1096</p>
<p>Boxer niño algodón con lycra® estampado<br /> Talles: 2 | 4 | 6 | 8 | 10 | 12 - Talles especiales: 14<br /> Colores: VERDE | AZUL | ROJO</p>"
,XY-Art:1096XY,0201029750,0201029740,XY-Art-1096XY-0201029750,T4,VARIOS,,,1.0,Y,,
,XY-Art:1096XY,0201029760,0201029740,XY-Art-1096XY-0201029760,T6,VARIOS,,,1.0,Y,,
,XY-Art:1096XY,0201029770,0201029740,XY-Art-1096XY-0201029770,T8,VARIOS,,,1.0,Y,,
,XY-Art:1096XY,0201029710,0201029740,XY-Art-1096XY-0201029710,T10,VARIOS,,,1.0,Y,,
,XY-Art:1096XY,0201029720,0201029740,XY-Art-1096XY-0201029720,T12,VARIOS,,,1.0,Y,,
,XY-Art:1096XY,0201029730,0201029740,XY-Art-1096XY-0201029730,T14,VARIOS,,,1.0,Y,,
,XY-Art:1300XY,0201029780,,XY-Art-1300XY-0201029780,TS,VARIOS,COM_VIRTUEMART_FIELD_MULTIVARIANT_LABEL,VM_MULTIVARIANT_FIELD_LABEL1~Color,1.0,Y,Lenceria de Hombre/XY,<p>ARt 1300XY Boxer</p>Talles: TS – TM – TL -TXL
,XY-Art:1300XY,0201029790,0201029780,XY-Art-1300XY-0201029790,TM,VARIOS,,,1.0,Y,,
,XY-Art:1300XY,0201029800,0201029780,XY-Art-1300XY-0201029800,TL,VARIOS,,,1.0,Y,,
,XY-Art:1300XY,0201029810,0201029780,XY-Art-1300XY-0201029810,TXL,VARIOS,,,1.0,Y,,
,XY-Art:1300XY,0201029820,0201029780,XY-Art-1300XY-0201029820,TXXL,VARIOS,,,1.0,Y,,
2629,XY-Art:1302XY,0201029830,,XY-Art-1302XY-0201029830,TS,VARIOS,COM_VIRTUEMART_FIELD_MULTIVARIANT_LABEL,VM_MULTIVARIANT_FIELD_LABEL1~Color,1.0,Y,Lenceria de Hombre/XY,"BOXER XY-Art:1302XY<br />Boxer algodón con lycra®. rayado color. trasero entero. pinza central con vivos al tono.<br />
Talles: S | M | L | XL -  Talle Especial: XXL <br />
Colores: Amarilla / Rojo / Turquesa"
,XY-Art:1302XY,0201029840,0201029830,XY-Art-1302XY-0201029840,TM,VARIOS,,,1.0,Y,,
,XY-Art:1302XY,0201029850,0201029830,XY-Art-1302XY-0201029850,TL,VARIOS,,,1.0,Y,,
,XY-Art:1302XY,0201029860,0201029830,XY-Art-1302XY-0201029860,TXL,VARIOS,,,1.0,Y,,
,XY-Art:1302XY,0201029870,0201029830,XY-Art-1302XY-0201029870,TXXL,VARIOS,,,1.0,Y,,
,XY-Art:1303XY,0201029880,,XY-Art-1303XY-0201029880,TS,VARIOS,COM_VIRTUEMART_FIELD_MULTIVARIANT_LABEL,VM_MULTIVARIANT_FIELD_LABEL1~Color,1.0,Y,Lenceria de Hombre/XY,ART:1303XY -BOXER<br />Talles: S – M – L – XL – XXL<br />Colores:varios
,XY-Art:1303XY,0201029890,0201029880,XY-Art-1303XY-0201029890,TM,VARIOS,,,1.0,Y,,
,XY-Art:1303XY,0201029900,0201029880,XY-Art-1303XY-0201029900,TL,VARIOS,,,1.0,Y,,
,XY-Art:1303XY,0201029910,0201029880,XY-Art-1303XY-0201029910,TXL,VARIOS,,,1.0,Y,,
,XY-Art:1303XY,0201029920,0201029880,XY-Art-1303XY-0201029920,TXXL,VARIOS,,,1.0,Y,,
,XY-Art:1304XY,0201029930,,XY-Art-1304XY-0201029930,TS,VARIOS,COM_VIRTUEMART_FIELD_MULTIVARIANT_LABEL,VM_MULTIVARIANT_FIELD_LABEL1~Color,1.0,Y,Lenceria de Hombre/XY,ART:1304XY -BOXER<br />Talles: S – M – L – XL – XXL<br />Colores:varios
,XY-Art:1304XY,0201029940,0201029930,XY-Art-1304XY-0201029940,TM,VARIOS,,,1.0,Y,,
,XY-Art:1304XY,0201029950,0201029930,XY-Art-1304XY-0201029950,TL,VARIOS,,,1.0,Y,,
,XY-Art:1304XY,0201029960,0201029930,XY-Art-1304XY-0201029960,TXL,VARIOS,,,1.0,Y,,
,XY-Art:1304XY,0201032860,0201029930,XY-Art-1304XY-0201032860,NO,DISP,,,1.0,Y,,
,XY-Art:1304XY,0201029970,0201029930,XY-Art-1304XY-0201029970,TXXL,VARIOS,,,1.0,Y,,
2665,XY-Art:1306XY,0201029980,,XY-Art-1306XY-0201029980,TS,VARIOS,COM_VIRTUEMART_FIELD_MULTIVARIANT_LABEL,VM_MULTIVARIANT_FIELD_LABEL1~Color,1.0,Y,Lenceria de Hombre/XY,"BOXER XY-Art:1306XY<br />Boxer algodón con lycra® liso con estampa al frente. collareta a contratono. eslástico sublimado.<br />
Talles: S | M | L | XL - Talle Especial: XXL <br />
Colores: BLANCO | AZUL | VERDE | ROJO"
,XY-Art:1306XY,0201029990,0201029980,XY-Art-1306XY-0201029990,TM,VARIOS,,,1.0,Y,,
,XY-Art:1306XY,0201030000,0201029980,XY-Art-1306XY-0201030000,TL,VARIOS,,,1.0,Y,,
,XY-Art:1306XY,0201030010,0201029980,XY-Art-1306XY-0201030010,TXL,VARIOS,,,1.0,Y,,
,XY-Art:1306XY,0201030020,0201029980,XY-Art-1306XY-0201030020,TXXL,VARIOS,,,1.0,Y,,
,XY-Art:1306XY,0201030030,0201029980,XY-Art-1306XY-0201030030,TXXXL,VARIOS,,,1.0,Y,,
4400,XY-Art:1308XY,0201030040,,XY-Art-1308XY-0201030040,TS,VARIOS,COM_VIRTUEMART_FIELD_MULTIVARIANT_LABEL,VM_MULTIVARIANT_FIELD_LABEL1~Color,1.0,Y,Lenceria de Hombre/XY,"BOXER XY-Art:1308XY<br />Boxer algodón con lycra simil jean con pinza central.<br />
Talles: S | M | L | XL - Talle Especial: XXL <br />
Colores: AZUL - GRIS"
,XY-Art:1308XY,0201030050,0201030040,XY-Art-1308XY-0201030050,TM,VARIOS,,,1.0,Y,,
,XY-Art:1308XY,0201030060,0201030040,XY-Art-1308XY-0201030060,TL,VARIOS,,,1.0,Y,,
,XY-Art:1308XY,0201030070,0201030040,XY-Art-1308XY-0201030070,TXL,VARIOS,,,1.0,Y,,
,XY-Art:1308XY,0201030080,0201030040,XY-Art-1308XY-0201030080,TXXL,VARIOS,,,1.0,Y,,
2666,XY-Art:1310XY,0201030090,,XY-Art-1310XY-0201030090,TS,VARIOS,COM_VIRTUEMART_FIELD_MULTIVARIANT_LABEL,VM_MULTIVARIANT_FIELD_LABEL1~Color,1.0,Y,Lenceria de Hombre/XY,"BOXER XY-Art:1310XY<br />Boxer algodón con lycra® estampado.<br />
Talles: S | M | L | XL - Talle Especial: XXL<br />
Colores: VERDE | CORAL | AMARILLO"
,XY-Art:1310XY,0201030100,0201030090,XY-Art-1310XY-0201030100,TM,VARIOS,,,1.0,Y,,
,XY-Art:1310XY,0201030110,0201030090,XY-Art-1310XY-0201030110,TL,VARIOS,,,1.0,Y,,
,XY-Art:1310XY,0201030120,0201030090,XY-Art-1310XY-0201030120,TXL,VARIOS,,,1.0,Y,,
,XY-Art:1310XY,0201030130,0201030090,XY-Art-1310XY-0201030130,TXXL,VARIOS,,,1.0,Y,,
5652,XY-Art:1311XY,0201032870,,XY-Art-1311XY-0201032870,TS,AL,COM_VIRTUEMART_FIELD_MULTIVARIANT_LABEL,VM_MULTIVARIANT_FIELD_LABEL1~Color,1.0,Y,Lenceria de Hombre/XY,"BOXER XY-Art:1311XY<br />Boxer algodón con lycra® estampado.Red<br />
Talles: S | M | L | XL - Talle Especial: XXL<br />
Colores: VERDE | CELESTE"
,XY-Art:1311XY,0201037350,0201032870,XY-Art-1311XY-0201037350,TS,VARIOS,,,1.0,Y,,
,XY-Art:1311XY,0201030140,0201032870,XY-Art-1311XY-0201030140,TM,VARIOS,,,1.0,Y,,
,XY-Art:1311XY,0201030150,0201032870,XY-Art-1311XY-0201030150,TL,VARIOS,,,1.0,Y,,
,XY-Art:1311XY,0201030160,0201032870,XY-Art-1311XY-0201030160,TXL,VARIOS,,,1.0,Y,,
,XY-Art:1311XY,0201030170,0201032870,XY-Art-1311XY-0201030170,TXXL,VARIOS,,,1.0,Y,,
5015,XY-Art:1312XY,0201030180,,XY-Art-1312XY-0201030180,TS,VARIOS,COM_VIRTUEMART_FIELD_MULTIVARIANT_LABEL,VM_MULTIVARIANT_FIELD_LABEL1~Color,1.0,Y,Lenceria de Hombre/XY,"BOXER XY-Art:1312XY<br />Boxer algodón con lycra®. rayado color. trasero entero. pinza central ""telas"".<br />
Talles: S | M | L | XL -  Talle Especial: XXL <br />
Colores: SURTIDOS"
,XY-Art:1312XY,0201030190,0201030180,XY-Art-1312XY-0201030190,TM,VARIOS,,,1.0,Y,,
,XY-Art:1312XY,0201030200,0201030180,XY-Art-1312XY-0201030200,TL,VARIOS,,,1.0,Y,,
,XY-Art:1312XY,0201030210,0201030180,XY-Art-1312XY-0201030210,TXL,VARIOS,,,1.0,Y,,
,XY-Art:1312XY,0201030220,0201030180,XY-Art-1312XY-0201030220,TXXL,VARIOS,,,1.0,Y,,
5020,XY-Art:1313XY,0201030230,,XY-Art-1313XY-0201030230,TS,VARIOS,COM_VIRTUEMART_FIELD_MULTIVARIANT_LABEL,VM_MULTIVARIANT_FIELD_LABEL1~Color,1.0,Y,Lenceria de Hombre/XY,"BOXER XY-Art:1313XY<br />Boxer algodón con lycra®. rayado color. trasero entero. pinza central ""geo fluo"".<br />
Talles: S | M | L | XL -  Talle Especial: XXL <br />
Colores: SURTIDOS"
,XY-Art:1313XY,0201030240,0201030230,XY-Art-1313XY-0201030240,TM,VARIOS,,,1.0,Y,,
,XY-Art:1313XY,0201030250,0201030230,XY-Art-1313XY-0201030250,TL,VARIOS,,,1.0,Y,,
,XY-Art:1313XY,0201030260,0201030230,XY-Art-1313XY-0201030260,TXL,VARIOS,,,1.0,Y,,
,XY-Art:1313XY,0201030270,0201030230,XY-Art-1313XY-0201030270,TXXL,VARIOS,,,1.0,Y,,
,XY-Art:1313XY,0201032910,0201030230,XY-Art-1313XY-0201032910,BOXER,VARIOS,,,1.0,Y,,
,XY-Art:1313XY1,0201032920,0201030230,XY-Art-1313XY1-0201032920,BOXER,VARIOS,,,1.0,Y,,
5025,XY-Art:1314XY,0201030280,,XY-Art-1314XY-0201030280,TS,VARIOS,COM_VIRTUEMART_FIELD_MULTIVARIANT_LABEL,VM_MULTIVARIANT_FIELD_LABEL1~Color,1.0,Y,Lenceria de Hombre/XY,"BOXER XY-Art:1314XY<br />Boxer algodón con lycra®. rayado color. trasero entero. pinza central ""geo fluo"".<br />
Talles: S | M | L | XL -  Talle Especial: XXL <br />
Colores: SURTIDOS"
,XY-Art:1314XY,0201030290,0201030280,XY-Art-1314XY-0201030290,TM,VARIOS,,,1.0,Y,,
,XY-Art:1314XY,0201030300,0201030280,XY-Art-1314XY-0201030300,TL,VARIOS,,,1.0,Y,,
,XY-Art:1314XY,0201030310,0201030280,XY-Art-1314XY-0201030310,TXL,VARIOS,,,1.0,Y,,
,XY-Art:1314XY,0201030320,0201030280,XY-Art-1314XY-0201030320,TXXL,VARIOS,,,1.0,Y,,
,XY-Art:1314XY,0201032930,0201030280,XY-Art-1314XY-0201032930,BOXER,VARIOS,,,1.0,Y,,
,XY-Art:1314XY1,0201032940,0201030280,XY-Art-1314XY1-0201032940,BOXER,VARIOS,,,1.0,Y,,
5030,XY-Art:1315XY,0201030330,,XY-Art-1315XY-0201030330,TS,VARIOS,COM_VIRTUEMART_FIELD_MULTIVARIANT_LABEL,VM_MULTIVARIANT_FIELD_LABEL1~Color,1.0,Y,Lenceria de Hombre/XY,"BOXER XY-Art:1315XY<br />Boxer algodón con lycra®. rayado color. trasero entero. pinza central ""yuyos"".<br />
Talles: S | M | L | XL -  Talle Especial: XXL <br />
Colores: SURTIDOS"
,XY-Art:1315XY,0201030340,0201030330,XY-Art-1315XY-0201030340,TM,VARIOS,,,1.0,Y,,
,XY-Art:1315XY,0201030350,0201030330,XY-Art-1315XY-0201030350,TL,VARIOS,,,1.0,Y,,
,XY-Art:1315XY,0201030360,0201030330,XY-Art-1315XY-0201030360,TXL,VARIOS,,,1.0,Y,,
,XY-Art:1315XY,0201030370,0201030330,XY-Art-1315XY-0201030370,TXXL,VARIOS,,,1.0,Y,,
,XY-Art:1315XY,0201032950,0201030330,XY-Art-1315XY-0201032950,BOXER,VARIOS,,,1.0,Y,,
,XY-Art:1315XY1,0201032960,0201030330,XY-Art-1315XY1-0201032960,BOXER,VARIOS,,,1.0,Y,,
2637,XY-Art:1316XY,0201030380,,XY-Art-1316XY-0201030380,TS,VARIOS,COM_VIRTUEMART_FIELD_MULTIVARIANT_LABEL,VM_MULTIVARIANT_FIELD_LABEL1~Color,1.0,Y,Lenceria de Hombre/XY,"BOXER XY-Art:1316XY<br />Boxer algodón elastizado super soft. elástico sublimado.<br />
Talles: S | M | L | XL - Talle Especial: XXL<br />
Colores: ÚNICO"
,XY-Art:1316XY,0201030390,0201030380,XY-Art-1316XY-0201030390,TM,VARIOS,,,1.0,Y,,
,XY-Art:1316XY,0201030400,0201030380,XY-Art-1316XY-0201030400,TL,VARIOS,,,1.0,Y,,
,XY-Art:1316XY,0201030410,0201030380,XY-Art-1316XY-0201030410,TXL,VARIOS,,,1.0,Y,,
,XY-Art:1316XY,0201030420,0201030380,XY-Art-1316XY-0201030420,TXXL,VARIOS,,,1.0,Y,,
5035,XY-Art:1317XY,0201030430,,XY-Art-1317XY-0201030430,TS,VARIOS,COM_VIRTUEMART_FIELD_MULTIVARIANT_LABEL,VM_MULTIVARIANT_FIELD_LABEL1~Color,1.0,Y,Lenceria de Hombre/XY,"BOXER XY-Art:1317XY<br />Boxer algodón con lycra® ""flechas"".<br />
Talles: S | M | L | XL -  Talle Especial: XXL <br />
Colores: CORAL / VERDE"
,XY-Art:1317XY,0201030440,0201030430,XY-Art-1317XY-0201030440,TM,VARIOS,,,1.0,Y,,
,XY-Art:1317XY,0201030450,0201030430,XY-Art-1317XY-0201030450,TL,VARIOS,,,1.0,Y,,
,XY-Art:1317XY,0201030460,0201030430,XY-Art-1317XY-0201030460,TXL,VARIOS,,,1.0,Y,,
,XY-Art:1317XY,0201030470,0201030430,XY-Art-1317XY-0201030470,TXXL,VARIOS,,,1.0,Y,,
,XY-Art:1317XY,0201032970,0201030430,XY-Art-1317XY-0201032970,BOXER,VARIOS,,,1.0,Y,,
,XY-Art:1317XY1,0201032980,0201030430,XY-Art-1317XY1-0201032980,BOXER,VARIOS,,,1.0,Y,,
2635,XY-Art:1318XY,0201030480,,XY-Art-1318XY-0201030480,TS,VARIOS,COM_VIRTUEMART_FIELD_MULTIVARIANT_LABEL,VM_MULTIVARIANT_FIELD_LABEL1~Color,1.0,Y,Lenceria de Hombre/XY,"BOXER XY-Art:1318XY<br />Boxer algodón con lycra® estampado.<br />
Talles: S | M | L | XL - Talle Especial: XXL<br />
Colores: VERDE | ROJO | AZUL"
,XY-Art:1318XY,0201030490,0201030480,XY-Art-1318XY-0201030490,TM,VARIOS,,,1.0,Y,,
,XY-Art:1318XY,0201030500,0201030480,XY-Art-1318XY-0201030500,TL,VARIOS,,,1.0,Y,,
,XY-Art:1318XY,0201030510,0201030480,XY-Art-1318XY-0201030510,TXL,VARIOS,,,1.0,Y,,
,XY-Art:1318XY,0201030520,0201030480,XY-Art-1318XY-0201030520,TXXL,VARIOS,,,1.0,Y,,
5657,XY-Art:1319XY,0201032990,,XY-Art-1319XY-0201032990,TS,CORAL,COM_VIRTUEMART_FIELD_MULTIVARIANT_LABEL,VM_MULTIVARIANT_FIELD_LABEL1~Color,1.0,Y,Lenceria de Hombre/XY,"BOXER XY-Art:1319XY<br />Boxer algodón con lycra® estampado.Bloque<br />
Talles: S | M | L | XL - Talle Especial: XXL<br />
Colores: VERDE | CORAL | TURQUESA"
,XY-Art:1319XY,0201038460,0201032990,XY-Art-1319XY-0201038460,TM,VERDE,,,1.0,Y,,
,XY-Art:1319XY,0201038450,0201032990,XY-Art-1319XY-0201038450,TL,TURQUESA,,,1.0,Y,,
,XY-Art:1319XY,0201038440,0201032990,XY-Art-1319XY-0201038440,TXL,VERDE,,,1.0,Y,,
,XY-Art:1319XY,0201038430,0201032990,XY-Art-1319XY-0201038430,TXXL,CORAL,,,1.0,Y,,
2661,XY-Art:1320XY,0201030530,,XY-Art-1320XY-0201030530,TS,VARIOS,COM_VIRTUEMART_FIELD_MULTIVARIANT_LABEL,VM_MULTIVARIANT_FIELD_LABEL1~Color,1.0,Y,Lenceria de Hombre/XY,"BOXER XY-Art:1320XY<br />Boxer algodón con lycra® estampado.<br />
Talles: S | M | L | XL - Talle Especial: XXL<br />
Colores: VERDE | ROJO | AZUL"
,XY-Art:1320XY,0201030540,0201030530,XY-Art-1320XY-0201030540,TM,VARIOS,,,1.0,Y,,
,XY-Art:1320XY,0201030550,0201030530,XY-Art-1320XY-0201030550,TL,VARIOS,,,1.0,Y,,
,XY-Art:1320XY,0201030560,0201030530,XY-Art-1320XY-0201030560,TXL,VARIOS,,,1.0,Y,,
,XY-Art:1320XY,0201030570,0201030530,XY-Art-1320XY-0201030570,TXL,VARIOS,,,1.0,Y,,
,XY-Art:1320XY,0201030580,0201030530,XY-Art-1320XY-0201030580,TXXL,VARIOS,,,1.0,Y,,
2638,XY-Art:1321XY,0201030590,,XY-Art-1321XY-0201030590,TS,VARIOS,COM_VIRTUEMART_FIELD_MULTIVARIANT_LABEL,VM_MULTIVARIANT_FIELD_LABEL1~Color,1.0,Y,Lenceria de Hombre/XY,"BOXER XY-Art:1321XY<br />Boxer algodón y lycra, pinza central<br />
Talles: S | M | L | XL - Talle Especial: XXL<br />
Colores: HOJAS"
,XY-Art:1321XY,0201030600,0201030590,XY-Art-1321XY-0201030600,TM,VARIOS,,,1.0,Y,,
,XY-Art:1321XY,0201030610,0201030590,XY-Art-1321XY-0201030610,TL,VARIOS,,,1.0,Y,,
,XY-Art:1321XY,0201030620,0201030590,XY-Art-1321XY-0201030620,TXL,VARIOS,,,1.0,Y,,
,XY-Art:1321XY,0201030630,0201030590,XY-Art-1321XY-0201030630,TXXL,VARIOS,,,1.0,Y,,
4425,XY-Art:1322XY,0201030640,,XY-Art-1322XY-0201030640,TS,VARIOS,COM_VIRTUEMART_FIELD_MULTIVARIANT_LABEL,VM_MULTIVARIANT_FIELD_LABEL1~Color,1.0,Y,Lenceria de Hombre/XY,"BOXER XY-Art:1322XY<br />Boxer algodón y lycra estampado Paper.<br />
Talles: S | M | L | XL - Talle Especial: XXL<br />
Colores: ÚNICO"
,XY-Art:1322XY,0201030650,0201030640,XY-Art-1322XY-0201030650,TM,VARIOS,,,1.0,Y,,
,XY-Art:1322XY,0201030660,0201030640,XY-Art-1322XY-0201030660,TL,VARIOS,,,1.0,Y,,
,XY-Art:1322XY,0201030670,0201030640,XY-Art-1322XY-0201030670,TXL,VARIOS,,,1.0,Y,,
,XY-Art:1322XY,0201030680,0201030640,XY-Art-1322XY-0201030680,TXXL,VARIOS,,,1.0,Y,,
,XY-Art:1322XY,0201037360,0201030640,XY-Art-1322XY-0201037360,BOXER,XY,,,1.0,Y,,
2636,XY-Art:1323XY,0201030690,,XY-Art-1323XY-0201030690,TS,VARIOS,COM_VIRTUEMART_FIELD_MULTIVARIANT_LABEL,VM_MULTIVARIANT_FIELD_LABEL1~Color,1.0,Y,Lenceria de Hombre/XY,"BOXER XY-Art:1323XY<br />Boxer algodón elastizado super soft. elástico sublimado.<br />
Talles: S | M | L | XL - Talle Especial: XXL<br />
Colores: ÚNICO"
,XY-Art:1323XY,0201030700,0201030690,XY-Art-1323XY-0201030700,TM,VARIOS,,,1.0,Y,,
,XY-Art:1323XY,0201030710,0201030690,XY-Art-1323XY-0201030710,TL,VARIOS,,,1.0,Y,,
,XY-Art:1323XY,0201030720,0201030690,XY-Art-1323XY-0201030720,TXL,VARIOS,,,1.0,Y,,
,XY-Art:1323XY,0201030730,0201030690,XY-Art-1323XY-0201030730,TXXL,VARIOS,,,1.0,Y,,
2650,XY-Art:1324XY,0201030740,,XY-Art-1324XY-0201030740,TS,VARIOS,COM_VIRTUEMART_FIELD_MULTIVARIANT_LABEL,VM_MULTIVARIANT_FIELD_LABEL1~Color,1.0,Y,Lenceria de Hombre/XY,"BOXER XY-Art:1324XY<br />Boxer algodón con lycra® estampado. elástico sublimado.<br />
Talles: S | M | L | XL - Talle Especial: XXL<br />
Colores: CELESTE | ROJO | VERDE"
,XY-Art:1324XY,0201030750,0201030740,XY-Art-1324XY-0201030750,TS,VARIOS,,,1.0,Y,,
,XY-Art:1324XY,0201030760,0201030740,XY-Art-1324XY-0201030760,TM,VARIOS,,,1.0,Y,,
,XY-Art:1324XY,0201030770,0201030740,XY-Art-1324XY-0201030770,TM,VARIOS,,,1.0,Y,,
,XY-Art:1324XY,0201030780,0201030740,XY-Art-1324XY-0201030780,TL,VARIOS,,,1.0,Y,,
,XY-Art:1324XY,0201030790,0201030740,XY-Art-1324XY-0201030790,TL,VARIOS,,,1.0,Y,,
,XY-Art:1324XY,0201030800,0201030740,XY-Art-1324XY-0201030800,TXL,VARIOS,,,1.0,Y,,
,XY-Art:1324XY,0201030810,0201030740,XY-Art-1324XY-0201030810,TXL,VARIOS,,,1.0,Y,,
,XY-Art:1324XY,0201030820,0201030740,XY-Art-1324XY-0201030820,TXXL,VARIOS,,,1.0,Y,,
,XY-Art:1324XY,0201030830,0201030740,XY-Art-1324XY-0201030830,TXXL,VARIOS,,,1.0,Y,,
2633,XY-Art:1325XY,0201030840,,XY-Art-1325XY-0201030840,TS,VARIOS,COM_VIRTUEMART_FIELD_MULTIVARIANT_LABEL,VM_MULTIVARIANT_FIELD_LABEL1~Color,1.0,Y,Lenceria de Hombre/XY,"BOXER XY-Art:1325XY<br />Boxer algodón con lycra® estampado con pinza central. elástico sublimado.<br />
Talles: S | M | L | XL - Talle Especial: XXL<br />
Colores: NEGRO | VERDE | AZUL"
,XY-Art:1325XY,0201030850,0201030840,XY-Art-1325XY-0201030850,TM,VARIOS,,,1.0,Y,,
,XY-Art:1325XY,0201030860,0201030840,XY-Art-1325XY-0201030860,TL,VARIOS,,,1.0,Y,,
,XY-Art:1325XY,0201030870,0201030840,XY-Art-1325XY-0201030870,TXL,VARIOS,,,1.0,Y,,
,XY-Art:1325XY,0201030880,0201030840,XY-Art-1325XY-0201030880,TXXL,VARIOS,,,1.0,Y,,
5040,XY-Art:1326XY,0201030890,,XY-Art-1326XY-0201030890,TS,VARIOS,COM_VIRTUEMART_FIELD_MULTIVARIANT_LABEL,VM_MULTIVARIANT_FIELD_LABEL1~Color,1.0,Y,Lenceria de Hombre/XY,"BOXER XY-Art:1326XY<br />Boxer algodón elastizado ""melange elastizado"".<br />
Talles: S | M | L | XL -  Talle Especial: XXL <br />
Colores: SURTIDOS"
,XY-Art:1326XY,0201030900,0201030890,XY-Art-1326XY-0201030900,TM,VARIOS,,,1.0,Y,,
,XY-Art:1326XY,0201030910,0201030890,XY-Art-1326XY-0201030910,TL,VARIOS,,,1.0,Y,,
,XY-Art:1326XY,0201030920,0201030890,XY-Art-1326XY-0201030920,TXL,VARIOS,,,1.0,Y,,
,XY-Art:1326XY,0201030930,0201030890,XY-Art-1326XY-0201030930,TXXL,VARIOS,,,1.0,Y,,
7443,XY-Art:1327XY,0201037820,,XY-Art-1327XY-0201037820,TS,ESCOCES,COM_VIRTUEMART_FIELD_MULTIVARIANT_LABEL,VM_MULTIVARIANT_FIELD_LABEL1~Color,1.0,Y,Lenceria de Hombre/XY,"BOXER XY-Art:1327XY<br />Bóxer de algodón con lycra estampado ESCOCÉS.<br />
Colores: OBISPO / AZUL <br />
Talles:  S - M - L -XL - XXL"
,XY-Art:1327XY,0201037650,0201037820,XY-Art-1327XY-0201037650,TM,ESCOCES,,,1.0,Y,,
,XY-Art:1327XY,0201037660,0201037820,XY-Art-1327XY-0201037660,TL,ESCOCES,,,1.0,Y,,
,XY-Art:1327XY,0201037670,0201037820,XY-Art-1327XY-0201037670,TXL,ESCOCES,,,1.0,Y,,
,XY-Art:1327XY,0201037680,0201037820,XY-Art-1327XY-0201037680,TXXL,ESCOCES,,,1.0,Y,,
7448,XY-Art:1328XY,0201037690,,XY-Art-1328XY-0201037690,TS,RAYOS,COM_VIRTUEMART_FIELD_MULTIVARIANT_LABEL,VM_MULTIVARIANT_FIELD_LABEL1~Color,1.0,Y,Lenceria de Hombre/XY,"BOXER XY-Art:1328XY<br />Bóxer algodón con lycra estampado con pinza central.RAYOS<br />
Colores: ROJO / VERDE <br />
Talles:  S - M - L -XL - XXL"
,XY-Art:1328XY,0201037700,0201037690,XY-Art-1328XY-0201037700,TM,RAYOS,,,1.0,Y,,
,XY-Art:1328XY,0201037710,0201037690,XY-Art-1328XY-0201037710,TL,RAYOS,,,1.0,Y,,
,XY-Art:1328XY,0201037720,0201037690,XY-Art-1328XY-0201037720,TXL,RAYOS,,,1.0,Y,,
,XY-Art:1328XY,0201037730,0201037690,XY-Art-1328XY-0201037730,TXXL,RAYOS,,,1.0,Y,,
7453,XY-Art:1329XY,0201037740,,XY-Art-1329XY-0201037740,TS,ZOOM,COM_VIRTUEMART_FIELD_MULTIVARIANT_LABEL,VM_MULTIVARIANT_FIELD_LABEL1~Color,1.0,Y,Lenceria de Hombre/XY,"BOXER XY-Art:1329XY<br />Bóxer algodón con lycra estampado con pinza central ZOOM <br />
Talles: S - M - L - XL - XXL <br />
Colores: Naranja con verde / Azul con verde"
,XY-Art:1329XY,0201037550,0201037740,XY-Art-1329XY-0201037550,TM,ZOOM,,,1.0,Y,,
,XY-Art:1329XY,0201037560,0201037740,XY-Art-1329XY-0201037560,TL,ZOOM,,,1.0,Y,,
,XY-Art:1329XY,0201037570,0201037740,XY-Art-1329XY-0201037570,TXL,ZOOM,,,1.0,Y,,
,XY-Art:1329XY,0201037580,0201037740,XY-Art-1329XY-0201037580,TXXL,ZOOM,,,1.0,Y,,
5662,XY-Art:1330XY,0201033020,,XY-Art-1330XY-0201033020,TS,AL,COM_VIRTUEMART_FIELD_MULTIVARIANT_LABEL,VM_MULTIVARIANT_FIELD_LABEL1~Color,1.0,Y,Lenceria de Hombre/XY,"BOXER XY-Art:1330XY<br />Boxer algodón con lycra® estampado.Exa<br />
Talles: S | M | L | XL - Talle Especial: XXL<br />
Colores: AZUL | BLANCO"
,XY-Art:1330XY,0201037210,0201033020,XY-Art-1330XY-0201037210,TS,BLANCO,,,1.0,Y,,
,XY-Art:1330XY,0201037220,0201033020,XY-Art-1330XY-0201037220,TM,AZUL,,,1.0,Y,,
,XY-Art:1330XY,0201037230,0201033020,XY-Art-1330XY-0201037230,TL,BLANCO,,,1.0,Y,,
,XY-Art:1330XY,0201037240,0201033020,XY-Art-1330XY-0201037240,TXL,AZUL,,,1.0,Y,,
,XY-Art:1330XY,0201037250,0201033020,XY-Art-1330XY-0201037250,TXXL,AZUL,,,1.0,Y,,
,XY-Art:1330XY1,0201033030,0201033020,XY-Art-1330XY1-0201033030,TXXL,VARIOS,,,1.0,Y,,
11141,XY-Art:1331XY,0201038920,,XY-Art-1331XY-0201038920,TS,AZTECA,COM_VIRTUEMART_FIELD_MULTIVARIANT_LABEL,VM_MULTIVARIANT_FIELD_LABEL1~Color,1.0,Y,Lenceria de Hombre/XY,"BOXER XY-Art:1331XY<br />Boxer algodón con lycra, pinza central azteca<br />
Talles: S | M | L | XL - Talle Especial: XXL<br />
Colores: AZTECA"
,XY-Art:1331XY,0201038910,0201038920,XY-Art-1331XY-0201038910,TM,AZTECA,,,1.0,Y,,
,XY-Art:1331XY,0201042490,0201038920,XY-Art-1331XY-0201042490,TL,VARIOS,,,1.0,Y,,
,XY-Art:1331XY,0201042500,0201038920,XY-Art-1331XY-0201042500,TXL,VARIOS,,,1.0,Y,,
,XY-Art:1331XY,0201038930,0201038920,XY-Art-1331XY-0201038930,TXXL,AZTECA,,,1.0,Y,,
7458,XY-Art:1332XY,0201037280,,XY-Art-1332XY-0201037280,TS,ROMBO,COM_VIRTUEMART_FIELD_MULTIVARIANT_LABEL,VM_MULTIVARIANT_FIELD_LABEL1~Color,1.0,Y,Lenceria de Hombre/XY,"BOXER XY-Art:1332XY<br />Boxer de algodón con lycra estampado. ROMBO <br />
Talles: S - M - L - XL - XXL <br />
Colores: Verde / Aero"
,XY-Art:1332XY,0201037270,0201037280,XY-Art-1332XY-0201037270,TM,ROMBO,,,1.0,Y,,
,XY-Art:1332XY,0201037260,0201037280,XY-Art-1332XY-0201037260,TL,ROMBO,,,1.0,Y,,
,XY-Art:1332XY,0201037290,0201037280,XY-Art-1332XY-0201037290,TXL,ROMBO,,,1.0,Y,,
,XY-Art:1332XY,0201037300,0201037280,XY-Art-1332XY-0201037300,TXXL,ROMBO,,,1.0,Y,,
,XY-Art:1335XY,0201030940,,XY-Art-1335XY-0201030940,TS,VARIOS,COM_VIRTUEMART_FIELD_MULTIVARIANT_LABEL,VM_MULTIVARIANT_FIELD_LABEL1~Color,1.0,Y,Lenceria de Hombre/XY,ART:1335XY – BOXER<br />Talles: S – XL
,XY-Art:1335XY,0201030950,0201030940,XY-Art-1335XY-0201030950,TXL,VARIOS,,,1.0,Y,,
,XY-Art:1335XY,0201033040,0201030940,XY-Art-1335XY-0201033040,UNICO,VARIOS,,,1.0,Y,,
7463,XY-Art:1336XY,0201037590,,XY-Art-1336XY-0201037590,TS,MANCHAS,COM_VIRTUEMART_FIELD_MULTIVARIANT_LABEL,VM_MULTIVARIANT_FIELD_LABEL1~Color,1.0,Y,Lenceria de Hombre/XY,"BOXER XY-Art:1336XY<br />Bóxer algodón con lycra estampado con pinza central elástico sublimado. MANCHAS <br />
Talles: S - M - L - XL - XXL <br />
Colores: Turquesa / Coral"
,XY-Art:1336XY,0201037600,0201037590,XY-Art-1336XY-0201037600,TM,MANCHAS,,,1.0,Y,,
,XY-Art:1336XY,0201037610,0201037590,XY-Art-1336XY-0201037610,TL,MANCHAS,,,1.0,Y,,
,XY-Art:1336XY,0201037620,0201037590,XY-Art-1336XY-0201037620,TXL,MANCHAS,,,1.0,Y,,
,XY-Art:1336XY,0201037630,0201037590,XY-Art-1336XY-0201037630,TXXL,MANCHAS,,,1.0,Y,,
7511,XY-Art:1338XY,0201037640,,XY-Art-1338XY-0201037640,TS,HUMO,COM_VIRTUEMART_FIELD_MULTIVARIANT_LABEL,VM_MULTIVARIANT_FIELD_LABEL1~Color,1.0,Y,Lenceria de Hombre/XY,"BOXER XY-Art:1338XY<br />Bóxer algodón con lycra estampado con pinza central elástico sublimado. HUMO <br />
Talles: S - M - L - XL - XXL <br />
Colores: Blanco / Ocre"
,XY-Art:1338XY,0201037480,0201037640,XY-Art-1338XY-0201037480,TM,HUMO,,,1.0,Y,,
,XY-Art:1338XY,0201037490,0201037640,XY-Art-1338XY-0201037490,TL,HUMO,,,1.0,Y,,
,XY-Art:1338XY,0201037500,0201037640,XY-Art-1338XY-0201037500,TXL,HUMO,,,1.0,Y,,
,XY-Art:1338XY,0201037510,0201037640,XY-Art-1338XY-0201037510,TXXL,HUMO,,,1.0,Y,,
2668,XY-Art:1340XY,0201030960,,XY-Art-1340XY-0201030960,TS,VARIOS,COM_VIRTUEMART_FIELD_MULTIVARIANT_LABEL,VM_MULTIVARIANT_FIELD_LABEL1~Color,1.0,Y,Lenceria de Hombre/XY,"BOXER XY-Art:1340XY<br />Boxer algodón con lycra® rayado vertical monocromático con elástico al tono.<br />
Talles: S | M | L | XL - Talle Especial: XXL<br />
Colores: GRIS | ROJO | CELESTE | VERDE | NARANJA"
,XY-Art:1340XY,0201030970,0201030960,XY-Art-1340XY-0201030970,TM,VARIOS,,,1.0,Y,,
,XY-Art:1340XY,0201030980,0201030960,XY-Art-1340XY-0201030980,TL,VARIOS,,,1.0,Y,,
,XY-Art:1340XY,0201030990,0201030960,XY-Art-1340XY-0201030990,TXL,VARIOS,,,1.0,Y,,
,XY-Art:1340XY,0201033050,0201030960,XY-Art-1340XY-0201033050,NO,DISP,,,1.0,Y,,
,XY-Art:1340XY,0201031000,0201030960,XY-Art-1340XY-0201031000,TXXL,VARIOS,,,1.0,Y,,
5045,XY-Art:1341XY,0201033060,,XY-Art-1341XY-0201033060,TS,al,COM_VIRTUEMART_FIELD_MULTIVARIANT_LABEL,VM_MULTIVARIANT_FIELD_LABEL1~Color,1.0,Y,Lenceria de Hombre/XY,"BOXER XY-Art:1341XY<br />Boxer algodón con lycra® ""rayas verticales multicolor"".<br />
Talles: S | M | L | XL -  Talle Especial: XXL <br />
Colores: SURTIDOS"
,XY-Art:1341XY,0201031010,0201033060,XY-Art-1341XY-0201031010,TS,VARIOS,,,1.0,Y,,
,XY-Art:1341XY,0201031020,0201033060,XY-Art-1341XY-0201031020,TM,VARIOS,,,1.0,Y,,
,XY-Art:1341XY,0201031030,0201033060,XY-Art-1341XY-0201031030,TL,VARIOS,,,1.0,Y,,
,XY-Art:1341XY,0201031040,0201033060,XY-Art-1341XY-0201031040,TXL,VARIOS,,,1.0,Y,,
,XY-Art:1341XY,0201031050,0201033060,XY-Art-1341XY-0201031050,TXXL,VARIOS,,,1.0,Y,,
2649,XY-Art:1350XY,0201031060,,XY-Art-1350XY-0201031060,TS,VARIOS,COM_VIRTUEMART_FIELD_MULTIVARIANT_LABEL,VM_MULTIVARIANT_FIELD_LABEL1~Color,1.0,Y,Lenceria de Hombre/XY,"BOXER XY-Art:1350XY<br />Boxer algodón con lycra®. tela combinada. collareta a contratono. trasero entero y pinza central con vivo.<br />
Talles: S | M | L | XL<br />
Colores: ÚNICO"
,XY-Art:1350XY,0201031070,0201031060,XY-Art-1350XY-0201031070,TM,VARIOS,,,1.0,Y,,
,XY-Art:1350XY,0201031080,0201031060,XY-Art-1350XY-0201031080,TL,VARIOS,,,1.0,Y,,
,XY-Art:1350XY,0201031090,0201031060,XY-Art-1350XY-0201031090,TXL,VARIOS,,,1.0,Y,,
,XY-Art:1350XY,0201031100,0201031060,XY-Art-1350XY-0201031100,TXXL,VARIOS,,,1.0,Y,,
,XY-Art:1352XY,0201031110,,XY-Art-1352XY-0201031110,TS,VARIOS,COM_VIRTUEMART_FIELD_MULTIVARIANT_LABEL,VM_MULTIVARIANT_FIELD_LABEL1~Color,1.0,Y,Lenceria de Hombre/XY,ART:1352XY -BOXER<br />Talles: S – M – L – XL – XXL<br />Colores:varios
,XY-Art:1352XY,0201031120,0201031110,XY-Art-1352XY-0201031120,TM,VARIOS,,,1.0,Y,,
,XY-Art:1352XY,0201031130,0201031110,XY-Art-1352XY-0201031130,TL,VARIOS,,,1.0,Y,,
,XY-Art:1352XY,0201031140,0201031110,XY-Art-1352XY-0201031140,TXL,VARIOS,,,1.0,Y,,
,XY-Art:1352XY,0201031150,0201031110,XY-Art-1352XY-0201031150,TXXL,VARIOS,,,1.0,Y,,
2664,XY-Art:1355XY,0201031160,,XY-Art-1355XY-0201031160,TS,VARIOS,COM_VIRTUEMART_FIELD_MULTIVARIANT_LABEL,VM_MULTIVARIANT_FIELD_LABEL1~Color,1.0,Y,Lenceria de Hombre/XY,"BOXER XY-Art:1355XY<br />Boxer algodón con lycra® estampado.<br />
Talles: S | M | L | XL - Talle Especial: XXL<br />
Colores: VERDE | ROJO | AZUL"
,XY-Art:1355XY,0201031170,0201031160,XY-Art-1355XY-0201031170,TM,VARIOS,,,1.0,Y,,
,XY-Art:1355XY,0201031180,0201031160,XY-Art-1355XY-0201031180,TL,VARIOS,,,1.0,Y,,
,XY-Art:1355XY,0201031190,0201031160,XY-Art-1355XY-0201031190,TXL,VARIOS,,,1.0,Y,,
,XY-Art:1355XY,0201031200,0201031160,XY-Art-1355XY-0201031200,TXXL,VARIOS,,,1.0,Y,,
11146,XY-Art:1356XY,0201042430,,XY-Art-1356XY-0201042430,TS,VARIOS,COM_VIRTUEMART_FIELD_MULTIVARIANT_LABEL,VM_MULTIVARIANT_FIELD_LABEL1~Color,1.0,Y,Lenceria de Hombre/XY,"BOXER XY-Art:1356XY<br />Boxer algodón con lycra, pinza central batik<br />
Talles: S | M | L | XL - Talle Especial: XXL<br />
Colores: BATIK"
,XY-Art:1356XY,0201042420,0201042430,XY-Art-1356XY-0201042420,TM,VARIOS,,,1.0,Y,,
,XY-Art:1356XY,0201042410,0201042430,XY-Art-1356XY-0201042410,TL,VARIOS,,,1.0,Y,,
,XY-Art:1356XY,0201042400,0201042430,XY-Art-1356XY-0201042400,TXL,VARIOS,,,1.0,Y,,
,XY-Art:1356XY,0201042390,0201042430,XY-Art-1356XY-0201042390,TXXL,VARIOS,,,1.0,Y,,
11151,XY-Art:1358XY,0201042440,,XY-Art-1358-0201042440,TS,VARIOS,COM_VIRTUEMART_FIELD_MULTIVARIANT_LABEL,VM_MULTIVARIANT_FIELD_LABEL1~Color,1.0,Y,Lenceria de Hombre/XY," XY-Art:1358XY<br />Boxer algodón con lycra, Cobra<br />
Talles: S | M | L | XL - Talle Especial: XXL<br />
Colores: COBRA"
,XY-Art:1358XY,0201042450,0201042440,XY-Art-1358XY-0201042450,TM,VARIOS,,,1.0,Y,,
,XY-Art:1358XY,0201042460,0201042440,XY-Art-1358XY-0201042460,TL,VARIOS,,,1.0,Y,,
,XY-Art:1358XY,0201042470,0201042440,XY-Art-1358XY-0201042470,TXL,VARIOS,,,1.0,Y,,
,XY-Art:1358XY,0201042480,0201042440,XY-Art-1358XY-0201042480,TXXL,VARIOS,,,1.0,Y,,
,XY-Art:1360XY,0201031210,,XY-Art-1360XY-0201031210,TXL,VARIOS,COM_VIRTUEMART_FIELD_MULTIVARIANT_LABEL,VM_MULTIVARIANT_FIELD_LABEL1~Color,1.0,Y,Lenceria de Hombre/XY,ART:1360XY -BOXER<br />Talles: Unico<br />Colores:varios
2647,XY-Art:1362XY,0201031220,,XY-Art-1362XY-0201031220,TS,VARIOS,COM_VIRTUEMART_FIELD_MULTIVARIANT_LABEL,VM_MULTIVARIANT_FIELD_LABEL1~Color,1.0,Y,Lenceria de Hombre/XY,"BOXER XY-Art:1362XY<br />Boxer algodón con lycra® estampado con pinza central.<br />
Talles: S | M | L | XL - Talle Especial: XXL<br />
Colores: VERDE | AZUL"
,XY-Art:1362XY,0201031230,0201031220,XY-Art-1362XY-0201031230,TM,VARIOS,,,1.0,Y,,
,XY-Art:1362XY,0201031240,0201031220,XY-Art-1362XY-0201031240,TL,VARIOS,,,1.0,Y,,
,XY-Art:1362XY,0201031250,0201031220,XY-Art-1362XY-0201031250,TXL,VARIOS,,,1.0,Y,,
,XY-Art:1362XY,0201031260,0201031220,XY-Art-1362XY-0201031260,TXXL,VARIOS,,,1.0,Y,,
,XY-Art:1370XY,0201033100,,XY-Art-1370XY-0201033100,UNICO,VARIOS,COM_VIRTUEMART_FIELD_MULTIVARIANT_LABEL,VM_MULTIVARIANT_FIELD_LABEL1~Color,1.0,Y,Lenceria de Hombre/XY,ART:1370XY -BOXER<br />Talles: Sunico<br />Colores:varios
2628,XY-Art:1372XY,0201031270,,XY-Art-1372XY-0201031270,TS,VARIOS,COM_VIRTUEMART_FIELD_MULTIVARIANT_LABEL,VM_MULTIVARIANT_FIELD_LABEL1~Color,1.0,Y,Lenceria de Hombre/XY,"BOXER XY-Art:1372XY<br />Boxer algodón con lycra® estampado con collaretas a contratono. pinza central. elástico sublimado.<br />
Talles: S | M | L | XL - Talle Especial: XXL<br />
Colores: BLANCO | AZUL | ROJO"
,XY-Art:1372XY,0201031280,0201031270,XY-Art-1372XY-0201031280,TM,VARIOS,,,1.0,Y,,
,XY-Art:1372XY,0201031290,0201031270,XY-Art-1372XY-0201031290,TL,VARIOS,,,1.0,Y,,
,XY-Art:1372XY,0201031300,0201031270,XY-Art-1372XY-0201031300,TXL,VARIOS,,,1.0,Y,,
,XY-Art:1372XY,0201031310,0201031270,XY-Art-1372XY-0201031310,TXXL,VARIOS,,,1.0,Y,,
2631,XY-Art:1374XY,0201031320,,XY-Art-1374XY-0201031320,TS,VARIOS,COM_VIRTUEMART_FIELD_MULTIVARIANT_LABEL,VM_MULTIVARIANT_FIELD_LABEL1~Color,1.0,Y,Lenceria de Hombre/XY,"BOXER XY-Art:1374XY<br />Boxer algodón con lycra® estampado con pinza central. elástico sublimado.<br />
Talles: S | M | L | XL - Talle Especial: XXL<br />
Colores: AZUL | ROJO | GRIS"
,XY-Art:1374XY,0201031330,0201031320,XY-Art-1374XY-0201031330,TM,VARIOS,,,1.0,Y,,
,XY-Art:1374XY,0201031340,0201031320,XY-Art-1374XY-0201031340,TL,VARIOS,,,1.0,Y,,
,XY-Art:1374XY,0201031350,0201031320,XY-Art-1374XY-0201031350,TXL,VARIOS,,,1.0,Y,,
,XY-Art:1374XY,0201031360,0201031320,XY-Art-1374XY-0201031360,TXXL,VARIOS,,,1.0,Y,,
7468,XY-Art:1381XY,0201037520,,XY-Art-1381XY-0201037520,TS,LISO,COM_VIRTUEMART_FIELD_MULTIVARIANT_LABEL,VM_MULTIVARIANT_FIELD_LABEL1~Color,1.0,Y,Lenceria de Hombre/XY,"BOXER XY-Art:1381XY<br />Bóxer algodón con lycra liso combinado.BICOLOR <br />
Talles: S - M - L - XL - XXL <br />
Colores: Negro / Azul"
,XY-Art:1381XY,0201037530,0201037520,XY-Art-1381XY-0201037530,TM,LISO,,,1.0,Y,,
,XY-Art:1381XY,0201037540,0201037520,XY-Art-1381XY-0201037540,TL,LISO,,,1.0,Y,,
,XY-Art:1381XY,0201037410,0201037520,XY-Art-1381XY-0201037410,TXL,LISO,,,1.0,Y,,
,XY-Art:1381XY,0201037420,0201037520,XY-Art-1381XY-0201037420,TXXL,LISO,,,1.0,Y,,
7473,XY-Art:1382XY,0201037430,,XY-Art-1382XY-0201037430,TS,CONTRACOLOR,COM_VIRTUEMART_FIELD_MULTIVARIANT_LABEL,VM_MULTIVARIANT_FIELD_LABEL1~Color,1.0,Y,Lenceria de Hombre/XY,"BOXER XY-Art:1382XY<br />Boxer de algodón y lycra liso con costuras a contracolor.COSTURAS <br />
Talles: S - M - L - XL - XXL <br />
Colores: Obispo / Verde Militar / Gris"
,XY-Art:1382XY,0201037440,0201037430,XY-Art-1382XY-0201037440,TM,CONTRACOLOR,,,1.0,Y,,
,XY-Art:1382XY,0201037450,0201037430,XY-Art-1382XY-0201037450,TL,CONTRACOLOR,,,1.0,Y,,
,XY-Art:1382XY,0201037460,0201037430,XY-Art-1382XY-0201037460,TXL,CONTRACOLOR,,,1.0,Y,,
,XY-Art:1382XY,0201037470,0201037430,XY-Art-1382XY-0201037470,TXXL,CONTRACOLOR,,,1.0,Y,,
2645,XY-Art:1386XY,0201031370,,XY-Art-1386XY-0201031370,TS,VARIOS,COM_VIRTUEMART_FIELD_MULTIVARIANT_LABEL,VM_MULTIVARIANT_FIELD_LABEL1~Color,1.0,Y,Lenceria de Hombre/XY,"BOXER XY-Art:1386XY<br />Boxer algodón con lycra® liso con bolsillo central.<br />
Talles: S | M | L | XL - Talle Especial: XXL <br />
 Colores: NEGRO | BLANCO | GRIS MELANGE | AZUL | ROJO | VERDE"
,XY-Art:1386XY,0201031380,0201031370,XY-Art-1386XY-0201031380,TM,VARIOS,,,1.0,Y,,
,XY-Art:1386XY,0201031390,0201031370,XY-Art-1386XY-0201031390,TL,VARIOS,,,1.0,Y,,
,XY-Art:1386XY,0201031400,0201031370,XY-Art-1386XY-0201031400,TXL,VARIOS,,,1.0,Y,,
,XY-Art:1386XY,0201031410,0201031370,XY-Art-1386XY-0201031410,TXXL,VARIOS,,,1.0,Y,,
7502,XY-Art:1387XY,0201031420,,XY-Art-1387XY-0201031420,TS,VARIOS,COM_VIRTUEMART_FIELD_MULTIVARIANT_LABEL,VM_MULTIVARIANT_FIELD_LABEL1~Color,1.0,Y,Lenceria de Hombre/XY,"BOXER XY-Art:1387XY<br />Boxer algodón con lycra® liso.<br />
Talles: S | M | L | XL - Talles Especiales: 2XL | 3XL | 4XL | 5XL<br />
Colores: NEGRO | BLANCO | AZUL | GRIS MELANGE | ROJO | VERDE | NARANJA | AZUL ELECTRICO | OBISPO"
,XY-Art:1387XY,0201031430,0201031420,XY-Art-1387XY-0201031430,TM,VARIOS,,,1.0,Y,,
,XY-Art:1387XY,0201031440,0201031420,XY-Art-1387XY-0201031440,TL,VARIOS,,,1.0,Y,,
,XY-Art:1387XY,0201031450,0201031420,XY-Art-1387XY-0201031450,TXL,VARIOS,,,1.0,Y,,
,XY-Art:1387XY,0201031460,0201031420,XY-Art-1387XY-0201031460,TXXL,VARIOS,,,1.0,Y,,
,XY-Art:1387XY,0201031470,0201031420,XY-Art-1387XY-0201031470,TXXXL,VARIOS,,,1.0,Y,,
,XY-Art:1388XY,0201031480,,XY-Art-1388XY-0201031480,TS,VARIOS,COM_VIRTUEMART_FIELD_MULTIVARIANT_LABEL,VM_MULTIVARIANT_FIELD_LABEL1~Color,1.0,Y,Lenceria de Hombre/XY,ART:1388XY -BOXER<br />Talles: S – M – L – XL – XXL<br />Colores:varios
,XY-Art:1388XY,0201031490,0201031480,XY-Art-1388XY-0201031490,TM,VARIOS,,,1.0,Y,,
,XY-Art:1388XY,0201031500,0201031480,XY-Art-1388XY-0201031500,TL,VARIOS,,,1.0,Y,,
,XY-Art:1388XY,0201031510,0201031480,XY-Art-1388XY-0201031510,TXL,VARIOS,,,1.0,Y,,
,XY-Art:1388XY,0201031520,0201031480,XY-Art-1388XY-0201031520,TXXL,VARIOS,,,1.0,Y,,
2663,XY-Art:1389XY,0201031530,,XY-Art-1389XY-0201031530,TS,VARIOS,COM_VIRTUEMART_FIELD_MULTIVARIANT_LABEL,VM_MULTIVARIANT_FIELD_LABEL1~Color,1.0,Y,Lenceria de Hombre/XY,"BOXER XY-Art:1389XY<br />Boxer algodón con lycra® liso anatómico. vivos al tono. pinza central. pierna larga.<br />
Talles: S | M | L | XL - Talle Especial: XXL<br />
Colores: NEGRO | BLANCO | GRIS MELANGE | AZUL | ROJO | VERDE"
,XY-Art:1389XY,0201031540,0201031530,XY-Art-1389XY-0201031540,TM,VARIOS,,,1.0,Y,,
,XY-Art:1389XY,0201031550,0201031530,XY-Art-1389XY-0201031550,TL,VARIOS,,,1.0,Y,,
,XY-Art:1389XY,0201031560,0201031530,XY-Art-1389XY-0201031560,TXL,VARIOS,,,1.0,Y,,
,XY-Art:1389XY,0201031570,0201031530,XY-Art-1389XY-0201031570,TXXL,VARIOS,,,1.0,Y,,
2669,XY-Art:1390XY,0201031580,,XY-Art-1390XY-0201031580,TS,VARIOS,COM_VIRTUEMART_FIELD_MULTIVARIANT_LABEL,VM_MULTIVARIANT_FIELD_LABEL1~Color,1.0,Y,Lenceria de Hombre/XY,"BOXER XY-Art:1390XY<br />Boxer algodón con lycra® estampado.<br />
Talles: S | M | L | XL - Talle Especial: XXL | XXXL<br />
Colores: ROJO-AZUL | AZUL-ROJO | VERDE-NEGRO"
,XY-Art:1390XY,0201031590,0201031580,XY-Art-1390XY-0201031590,TM,VARIOS,,,1.0,Y,,
,XY-Art:1390XY,0201031600,0201031580,XY-Art-1390XY-0201031600,TL,VARIOS,,,1.0,Y,,
,XY-Art:1390XY,0201031610,0201031580,XY-Art-1390XY-0201031610,TXL,VARIOS,,,1.0,Y,,
,XY-Art:1390XY,0201031620,0201031580,XY-Art-1390XY-0201031620,TXXL,VARIOS,,,1.0,Y,,
,XY-Art:1390XY,0201037340,0201031580,XY-Art-1390XY-0201037340,TXXXL,VARIOS,,,1.0,Y,,
2632,XY-Art:1396XY,0201031630,,XY-Art-1396XY-0201031630,TS,VARIOS,COM_VIRTUEMART_FIELD_MULTIVARIANT_LABEL,VM_MULTIVARIANT_FIELD_LABEL1~Color,1.0,Y,Lenceria de Hombre/XY,"BOXER XY-Art:1396XY<br />Boxer algodón con lycra® estampado.<br />
Talles: S | M | L | XL - Talles Especial: XXL<br />
Colores: VERDE | AZUL | ROJO | GRIS"
,XY-Art:1396XY,0201031640,0201031630,XY-Art-1396XY-0201031640,TM,VARIOS,,,1.0,Y,,
,XY-Art:1396XY,0201031650,0201031630,XY-Art-1396XY-0201031650,TL,VARIOS,,,1.0,Y,,
,XY-Art:1396XY,0201031660,0201031630,XY-Art-1396XY-0201031660,TXL,VARIOS,,,1.0,Y,,
,XY-Art:1396XY,0201031670,0201031630,XY-Art-1396XY-0201031670,TXXL,VARIOS,,,1.0,Y,,
2651,XY-Art:1397XY,0201031680,,XY-Art-1397XY-0201031680,TS,VARIOS,COM_VIRTUEMART_FIELD_MULTIVARIANT_LABEL,VM_MULTIVARIANT_FIELD_LABEL1~Color,1.0,Y,Lenceria de Hombre/XY,"BOXER XY-Art:1397XY<br />Boxer algodón con lycra® estampado con collaretas a contratono. pinza central .elástico sublimado.<br />
Talles: S | M | L | XL - Talle Especial: XXL<br />
Colores: ROJO | AZUL | GRIS"
,XY-Art:1397XY,0201031690,0201031680,XY-Art-1397XY-0201031690,TM,VARIOS,,,1.0,Y,,
,XY-Art:1397XY,0201031700,0201031680,XY-Art-1397XY-0201031700,TL,VARIOS,,,1.0,Y,,
,XY-Art:1397XY,0201031710,0201031680,XY-Art-1397XY-0201031710,TXL,VARIOS,,,1.0,Y,,
,XY-Art:1397XY,0201031720,0201031680,XY-Art-1397XY-0201031720,TXXL,VARIOS,,,1.0,Y,,
,XY-Art:1401XY,0201033110,,XY-Art-1401XY-0201033110,UNICO,VARIOS,COM_VIRTUEMART_FIELD_MULTIVARIANT_LABEL,VM_MULTIVARIANT_FIELD_LABEL1~Color,1.0,Y,Lenceria de Hombre/XY,ART:1401XY -BOXER<br />Talles: unico<br />Colores:varios
2662,XY-Art:1600XY,0201031730,,XY-Art-1600XY-0201031730,TS,VARIOS,COM_VIRTUEMART_FIELD_MULTIVARIANT_LABEL,VM_MULTIVARIANT_FIELD_LABEL1~Color,1.0,Y,Lenceria de Hombre/XY,"BOXER XY-Art:1600XY<br />Boxer algodón con lycra® liso con vivos a contratono. pinza central.<br />
Talles: S | M | L | XL - Talle Especial: XXL<br />
Colores: NEGRO-VIOLETA | ROJO-AZUL | VERDE-NEGRO"
,XY-Art:1600XY,0201031740,0201031730,XY-Art-1600XY-0201031740,TM,VARIOS,,,1.0,Y,,
,XY-Art:1600XY,0201031750,0201031730,XY-Art-1600XY-0201031750,TL,VARIOS,,,1.0,Y,,
,XY-Art:1600XY,0201031760,0201031730,XY-Art-1600XY-0201031760,TXL,VARIOS,,,1.0,Y,,
,XY-Art:1600XY,0201031770,0201031730,XY-Art-1600XY-0201031770,TXXL,VARIOS,,,1.0,Y,,
2680,XY-Art:2003XY,0202002140,,XY-Art-2003XY-0202002140,T2,VARIOS,COM_VIRTUEMART_FIELD_MULTIVARIANT_LABEL,VM_MULTIVARIANT_FIELD_LABEL1~Color,1.0,Y,Lenceria de Hombre/XY,"SLIP XY-Art:2003XY<br />Slip niño algodón con lycra® estampado con dibujo al frente<br />
Talles: 2 | 4 | 6 | 8 | 10 <br />
 Colores: VERDE | ROJO | NARANJA | AZUL"
,XY-Art:2003XY,0202002150,0202002140,XY-Art-2003XY-0202002150,T4,VARIOS,,,1.0,Y,,
,XY-Art:2003XY,0202002160,0202002140,XY-Art-2003XY-0202002160,T6,VARIOS,,,1.0,Y,,
,XY-Art:2003XY,0202002170,0202002140,XY-Art-2003XY-0202002170,T8,VARIOS,,,1.0,Y,,
,XY-Art:2003XY,0202002120,0202002140,XY-Art-2003XY-0202002120,T10,VARIOS,,,1.0,Y,,
,XY-Art:2003XY,0202002130,0202002140,XY-Art-2003XY-0202002130,T12,VARIOS,,,1.0,Y,,
3545,XY-Art:202XY,0202002180,,XY-Art-202XY-0202002180,T10,VARIOS,COM_VIRTUEMART_FIELD_MULTIVARIANT_LABEL,VM_MULTIVARIANT_FIELD_LABEL1~Color,1.0,Y,Lenceria de Hombre/XY,"SLIP XY-Art:202XY<br />Short de baño de niños liso con bolsillos. ""CAIPIRIÑA JUNIOR""<br />
Talles: 2/4/6/8/10/12/14<br />
Colores: negro - coral - francia - verde"
,XY-Art:2150XY,0201031780,,XY-Art-2150XY-0201031780,TS,VARIOS,COM_VIRTUEMART_FIELD_MULTIVARIANT_LABEL,VM_MULTIVARIANT_FIELD_LABEL1~Color,1.0,Y,Lenceria de Hombre/XY,ART:2150XY -BOXER<br />Talles: S – M – L – XL – XXL<br />Colores:varios
,XY-Art:2150XY,0201031790,0201031780,XY-Art-2150XY-0201031790,TM,VARIOS,,,1.0,Y,,
,XY-Art:2150XY,0201031800,0201031780,XY-Art-2150XY-0201031800,TL,VARIOS,,,1.0,Y,,
,XY-Art:2150XY,0201031810,0201031780,XY-Art-2150XY-0201031810,TXL,VARIOS,,,1.0,Y,,
,XY-Art:2150XY,0201033120,0201031780,XY-Art-2150XY-0201033120,NO,DISP,,,1.0,Y,,
,XY-Art:2150XY,0201031820,0201031780,XY-Art-2150XY-0201031820,TXXL,VARIOS,,,1.0,Y,,
5050,XY-Art:2300XY,0202002190,,XY-Art-2300XY-0202002190,TS,SLIP,COM_VIRTUEMART_FIELD_MULTIVARIANT_LABEL,VM_MULTIVARIANT_FIELD_LABEL1~Color,1.0,Y,Lenceria de Hombre/XY,"SLIP XY-Art:2300XY<br />Slip algodón con lycra® liso.<br />
Talles: S | M | L | XL - Talles Especiales: XXL | XXXL<br />
Colores: NEGRO | GRIS MELANGE | BLANCO | AZUL | ROJO | VERDE"
,XY-Art:2300XY,0202002200,0202002190,XY-Art-2300XY-0202002200,TM,SLIP,,,1.0,Y,,
,XY-Art:2300XY,0202002210,0202002190,XY-Art-2300XY-0202002210,TL,SLIP,,,1.0,Y,,
,XY-Art:2300XY,0202002220,0202002190,XY-Art-2300XY-0202002220,TXL,SLIP,,,1.0,Y,,
,XY-Art:2300XY,0202002230,0202002190,XY-Art-2300XY-0202002230,TXXL,SLIP,,,1.0,Y,,
,XY-Art:2300XY,0202002240,0202002190,XY-Art-2300XY-0202002240,TXXXL,SLIP,,,1.0,Y,,
2667,XY-Art:2430XY,0202002250,,XY-Art-2430XY-0202002250,TS,VARIOS,COM_VIRTUEMART_FIELD_MULTIVARIANT_LABEL,VM_MULTIVARIANT_FIELD_LABEL1~Color,1.0,Y,Lenceria de Hombre/XY,"SLIP XY-Art:2430XY<br />Slip algodón con lycra® liso.<br />
Talles: S | M | L | XL - Talles Especiales: XXL | XXXL<br />
Colores: NEGRO | GRIS MELANGE | BLANCO | AZUL | ROJO | VERDE"
,XY-Art:2430XY,0202002260,0202002250,XY-Art-2430XY-0202002260,TM,VARIOS,,,1.0,Y,,
,XY-Art:2430XY,0202002270,0202002250,XY-Art-2430XY-0202002270,TL,VARIOS,,,1.0,Y,,
,XY-Art:2430XY,0202002280,0202002250,XY-Art-2430XY-0202002280,TXL,VARIOS,,,1.0,Y,,
,XY-Art:2430XY,0202002290,0202002250,XY-Art-2430XY-0202002290,TXXL,VARIOS,,,1.0,Y,,
,XY-Art:2430XY,0202002300,0202002250,XY-Art-2430XY-0202002300,TXXXL,VARIOS,,,1.0,Y,,
7478,XY-Art:2438XY,0202002630,,XY-Art-2438XY-0202002630,TS,HUMO,COM_VIRTUEMART_FIELD_MULTIVARIANT_LABEL,VM_MULTIVARIANT_FIELD_LABEL1~Color,1.0,Y,Lenceria de Hombre/XY,"SLIP XY-Art:2438XY<br />Slip de algodón con lycra estampado.HUMO <br />
Talles: S - M - L - XL - XXL <br />
Colores: Blanco / Ocre"
,XY-Art:2438XY,0202002590,0202002630,XY-Art-2438XY-0202002590,TM,HUMO,,,1.0,Y,,
,XY-Art:2438XY,0202002600,0202002630,XY-Art-2438XY-0202002600,TL,HUMO,,,1.0,Y,,
,XY-Art:2438XY,0202002610,0202002630,XY-Art-2438XY-0202002610,TXL,HUMO,,,1.0,Y,,
,XY-Art:2438XY,0202002620,0202002630,XY-Art-2438XY-0202002620,TXXL,HUMO,,,1.0,Y,,
2634,XY-Art:2450XY,0202002310,,XY-Art-2450XY-0202002310,TS,VARIOS,COM_VIRTUEMART_FIELD_MULTIVARIANT_LABEL,VM_MULTIVARIANT_FIELD_LABEL1~Color,1.0,Y,Lenceria de Hombre/XY,"SLIP XY-Art:2450XY<br />Slip algodón con lycra® liso combinado con detalles a contratono.<br />
Talles: S | M | L | XL - Talle especial: XXL<br />
Colores: NEGRO-GRIS | CELESTE-GRIS | VERDE-GRIS"
,XY-Art:2450XY,0202002320,0202002310,XY-Art-2450XY-0202002320,TM,VARIOS,,,1.0,Y,,
,XY-Art:2450XY,0202002330,0202002310,XY-Art-2450XY-0202002330,TL,VARIOS,,,1.0,Y,,
,XY-Art:2450XY,0202002340,0202002310,XY-Art-2450XY-0202002340,TXL,VARIOS,,,1.0,Y,,
,XY-Art:2450XY,0202002350,0202002310,XY-Art-2450XY-0202002350,TXXL,VARIOS,,,1.0,Y,,
2670,XY-Art:2490XY,0202002360,,XY-Art-2490XY-0202002360,TS,VARIOS,COM_VIRTUEMART_FIELD_MULTIVARIANT_LABEL,VM_MULTIVARIANT_FIELD_LABEL1~Color,1.0,Y,Lenceria de Hombre/XY,"SLIP XY-Art:2490XY<br />Slip algodón con lycra® rayado vertical.<br />
Talles: S | M | L | XL - Talle Especial: XXL<br />
Colores: ROJO-AZUL | AZUL-ROJO | VERDE-NEGRO"
,XY-Art:2490XY,0202002370,0202002360,XY-Art-2490XY-0202002370,TM,VARIOS,,,1.0,Y,,
,XY-Art:2490XY,0202002380,0202002360,XY-Art-2490XY-0202002380,TL,VARIOS,,,1.0,Y,,
,XY-Art:2490XY,0202002390,0202002360,XY-Art-2490XY-0202002390,TXL,VARIOS,,,1.0,Y,,
,XY-Art:2490XY,0202002400,0202002360,XY-Art-2490XY-0202002400,TXXL,VARIOS,,,1.0,Y,,
7483,XY-Art:2700XY,0202002580,,XY-Art-2700XY-0202002580,TS,LISO,COM_VIRTUEMART_FIELD_MULTIVARIANT_LABEL,VM_MULTIVARIANT_FIELD_LABEL1~Color,1.0,Y,Lenceria de Hombre/XY,"SLIP XY-Art:2700XY<br />Slip de microfibra liso combinado.SLIP MICROFIBRA <br />
Talles: S - M - L - XL - XXL <br />
Colores: Blanco / Negro / Azul"
,XY-Art:2700XY,0202002540,0202002580,XY-Art-2700XY-0202002540,TM,LISO,,,1.0,Y,,
,XY-Art:2700XY,0202002550,0202002580,XY-Art-2700XY-0202002550,TL,LISO,,,1.0,Y,,
,XY-Art:2700XY,0202002560,0202002580,XY-Art-2700XY-0202002560,TXL,LISO,,,1.0,Y,,
,XY-Art:2700XY,0202002570,0202002580,XY-Art-2700XY-0202002570,TXXL,LISO,,,1.0,Y,,
,XY-Art:3680XY,0201031830,,XY-Art-3680XY-0201031830,TS,VARIOS,COM_VIRTUEMART_FIELD_MULTIVARIANT_LABEL,VM_MULTIVARIANT_FIELD_LABEL1~Color,1.0,Y,Lenceria de Hombre/XY,Art:3680XY -BOXER<br />Talles: S – M – L – XL – XXL<br />Colores:varios
,XY-Art:3680XY,0201031840,0201031830,XY-Art-3680XY-0201031840,TM,VARIOS,,,1.0,Y,,
,XY-Art:3680XY,0201031850,0201031830,XY-Art-3680XY-0201031850,TL,VARIOS,,,1.0,Y,,
,XY-Art:3680XY,0201031860,0201031830,XY-Art-3680XY-0201031860,TXL,VARIOS,,,1.0,Y,,
,XY-Art:3680XY,0201031870,0201031830,XY-Art-3680XY-0201031870,TXXL,VARIOS,,,1.0,Y,,
2630,XY-Art:3690XY,0201031880,,XY-Art-3690XY-0201031880,TS,VARIOS,COM_VIRTUEMART_FIELD_MULTIVARIANT_LABEL,VM_MULTIVARIANT_FIELD_LABEL1~Color,1.0,Y,Lenceria de Hombre/XY,"BOXER XY-Art:3690XY<br />Boxer microfibra fantasia rayado horizontal.<br />
Talles: S | M | L | XL - Talle Especial: XXL<br />
Colores: NEGRO | ROJO | BLANCO"
,XY-Art:3690XY,0201031890,0201031880,XY-Art-3690XY-0201031890,TM,VARIOS,,,1.0,Y,,
,XY-Art:3690XY,0201031900,0201031880,XY-Art-3690XY-0201031900,TL,VARIOS,,,1.0,Y,,
,XY-Art:3690XY,0201031910,0201031880,XY-Art-3690XY-0201031910,TXL,VARIOS,,,1.0,Y,,
,XY-Art:3690XY,0201031920,0201031880,XY-Art-3690XY-0201031920,TXXL,VARIOS,,,1.0,Y,,
7488,XY-Art:3691XY,0201038330,,XY-Art-3691XY-0201038330,TS,LISO,COM_VIRTUEMART_FIELD_MULTIVARIANT_LABEL,VM_MULTIVARIANT_FIELD_LABEL1~Color,1.0,Y,Lenceria de Hombre/XY,"BOXER XY-Art:3691XY<br />Bóxer de microfibra liso combinado. MICROFIBRA<br />
Talles: S - M - L - XL - XXL <br />
Colores: Blanco / Negro / Azul"
,XY-Art:3691XY,0201038340,0201038330,XY-Art-3691XY-0201038340,TM,LISO,,,1.0,Y,,
,XY-Art:3691XY,0201038350,0201038330,XY-Art-3691XY-0201038350,TL,LISO,,,1.0,Y,,
,XY-Art:3691XY,0201038360,0201038330,XY-Art-3691XY-0201038360,TXL,LISO,,,1.0,Y,,
2641,XY-Art:3900XY,0201031930,,XY-Art-3900XY-0201031930,TS,VARIOS,COM_VIRTUEMART_FIELD_MULTIVARIANT_LABEL,VM_MULTIVARIANT_FIELD_LABEL1~Color,1.0,Y,Lenceria de Hombre/XY,"BOXER XY-Art:3900XY<br />Boxer microfibra con lycra® estampado. elástico sublimado.<br />
Talles: S | M | L | XL - Talle Especial: XXL<br />
Colores: ÚNICO"
,XY-Art:3900XY,0201031940,0201031930,XY-Art-3900XY-0201031940,TM,VARIOS,,,1.0,Y,,
,XY-Art:3900XY,0201031950,0201031930,XY-Art-3900XY-0201031950,TL,VARIOS,,,1.0,Y,,
,XY-Art:3900XY,0201031960,0201031930,XY-Art-3900XY-0201031960,TXL,VARIOS,,,1.0,Y,,
,XY-Art:3900XY,0201031970,0201031930,XY-Art-3900XY-0201031970,TXXL,VARIOS,,,1.0,Y,,
2640,XY-Art:3901XY,0201031980,,XY-Art-3901XY-0201031980,TS,VARIOS,COM_VIRTUEMART_FIELD_MULTIVARIANT_LABEL,VM_MULTIVARIANT_FIELD_LABEL1~Color,1.0,Y,Lenceria de Hombre/XY,"BOXER XY-Art:3901XY<br />Boxer microfibra con lycra® estampado. elástico sublimado.<br />
Talles: S | M | L | XL - Talle Especial: XXL<br />
Colores: ÚNICO"
,XY-Art:3901XY,0201031990,0201031980,XY-Art-3901XY-0201031990,TM,VARIOS,,,1.0,Y,,
,XY-Art:3901XY,0201032000,0201031980,XY-Art-3901XY-0201032000,TL,VARIOS,,,1.0,Y,,
,XY-Art:3901XY,0201032010,0201031980,XY-Art-3901XY-0201032010,TXL,VARIOS,,,1.0,Y,,
,XY-Art:3901XY,0201032020,0201031980,XY-Art-3901XY-0201032020,TXXL,VARIOS,,,1.0,Y,,
2644,XY-Art:3902XY,0201032030,,XY-Art-3902XY-0201032030,TS,VARIOS,COM_VIRTUEMART_FIELD_MULTIVARIANT_LABEL,VM_MULTIVARIANT_FIELD_LABEL1~Color,1.0,Y,Lenceria de Hombre/XY,"BOXER XY-Art:3902XY<br />Boxer microfibra con lycra® estampado. elástico sublimado<br />
Talles: S | M | L | XL - Talle Especial: XXL <br />
 Colores: ÚNICO"
,XY-Art:3902XY,0201032040,0201032030,XY-Art-3902XY-0201032040,TM,VARIOS,,,1.0,Y,,
,XY-Art:3902XY,0201032050,0201032030,XY-Art-3902XY-0201032050,TL,VARIOS,,,1.0,Y,,
,XY-Art:3902XY,0201032060,0201032030,XY-Art-3902XY-0201032060,TXL,VARIOS,,,1.0,Y,,
,XY-Art:3902XY,0201032070,0201032030,XY-Art-3902XY-0201032070,TXXL,VARIOS,,,1.0,Y,,
2642,XY-Art:3903XY,0201032080,,XY-Art-3903XY-0201032080,TS,VARIOS,COM_VIRTUEMART_FIELD_MULTIVARIANT_LABEL,VM_MULTIVARIANT_FIELD_LABEL1~Color,1.0,Y,Lenceria de Hombre/XY,"BOXER XY-Art:3903XY<br />Boxer microfibra con lycra® estampado. elástico sublimado.<br />
Talles: S | M | L | XL - Talle Especial: XXL<br />
Colores: ÚNICO"
,XY-Art:3903XY,0201032090,0201032080,XY-Art-3903XY-0201032090,TM,VARIOS,,,1.0,Y,,
,XY-Art:3903XY,0201032100,0201032080,XY-Art-3903XY-0201032100,TL,VARIOS,,,1.0,Y,,
,XY-Art:3903XY,0201032110,0201032080,XY-Art-3903XY-0201032110,TXL,VARIOS,,,1.0,Y,,
,XY-Art:3903XY,0201032120,0201032080,XY-Art-3903XY-0201032120,TXXL,VARIOS,,,1.0,Y,,
2643,XY-Art:3904XY,0201032130,,XY-Art-3904XY-0201032130,TS,VARIOS,COM_VIRTUEMART_FIELD_MULTIVARIANT_LABEL,VM_MULTIVARIANT_FIELD_LABEL1~Color,1.0,Y,Lenceria de Hombre/XY,"BOXER XY-Art:3904XY<br />Boxer microfibra con lycra® estampado. elástico sublimado<br />
Talles: S | M | L | XL - Talles especiales: XXL<br />
Colores: ÚNICO"
,XY-Art:3904XY,0201032140,0201032130,XY-Art-3904XY-0201032140,TM,VARIOS,,,1.0,Y,,
,XY-Art:3904XY,0201032150,0201032130,XY-Art-3904XY-0201032150,TL,VARIOS,,,1.0,Y,,
,XY-Art:3904XY,0201032160,0201032130,XY-Art-3904XY-0201032160,TXL,VARIOS,,,1.0,Y,,
,XY-Art:3904XY,0201032170,0201032130,XY-Art-3904XY-0201032170,TXXL,VARIOS,,,1.0,Y,,
4534,XY-Art:3905XY,0201032180,,XY-Art-3905XY-0201032180,TS,VARIOS,COM_VIRTUEMART_FIELD_MULTIVARIANT_LABEL,VM_MULTIVARIANT_FIELD_LABEL1~Color,1.0,Y,Lenceria de Hombre/XY,"BOXER XY-Art:3905XY<br />Boxer microfibra con lycra® estampado. elástico sublimado<br />
Talles: S | M | L | XL - Talles especiales: XXL<br />
Colores: ÚNICO"
,XY-Art:3905XY,0201032190,0201032180,XY-Art-3905XY-0201032190,TM,VARIOS,,,1.0,Y,,
,XY-Art:3905XY,0201032200,0201032180,XY-Art-3905XY-0201032200,TL,VARIOS,,,1.0,Y,,
,XY-Art:3905XY,0201032210,0201032180,XY-Art-3905XY-0201032210,TXL,VARIOS,,,1.0,Y,,
,XY-Art:3905XY,0201032220,0201032180,XY-Art-3905XY-0201032220,TXXL,VARIOS,,,1.0,Y,,
,XY-Art:4040XY,0201033150,,XY-Art-4040XY-0201033150,UNICO,VARIOS,COM_VIRTUEMART_FIELD_MULTIVARIANT_LABEL,VM_MULTIVARIANT_FIELD_LABEL1~Color,1.0,Y,Lenceria de Hombre/XY,ArT:4040XY -BOXER<br />Talles: Unio<br />Colores:varios
2639,XY-Art:5001XY,0201032230,,XY-Art-5001XY-0201032230,TS,VARIOS,COM_VIRTUEMART_FIELD_MULTIVARIANT_LABEL,VM_MULTIVARIANT_FIELD_LABEL1~Color,1.0,Y,Lenceria de Hombre/XY,"BOXER XY-Art:5001XY<br />Boxer largo algodón con lycra® liso anatómico con vivos al tono.<br />
Talles: S | M | L | XL - Talles Especiales: XXL<br />
Colores: VERDE | AZUL | BLANCO | NEGRO | GRIS MELANGE"
,XY-Art:5001XY,0201032240,0201032230,XY-Art-5001XY-0201032240,TM,VARIOS,,,1.0,Y,,
,XY-Art:5001XY,0201032250,0201032230,XY-Art-5001XY-0201032250,TL,VARIOS,,,1.0,Y,,
,XY-Art:5001XY,0201032260,0201032230,XY-Art-5001XY-0201032260,TXL,VARIOS,,,1.0,Y,,
,XY-Art:5001XY,0201032270,0201032230,XY-Art-5001XY-0201032270,TXXL,VARIOS,,,1.0,Y,,
2648,XY-Art:5002XY,0201032280,,XY-Art-5002XY-0201032280,TS,VARIOS,COM_VIRTUEMART_FIELD_MULTIVARIANT_LABEL,VM_MULTIVARIANT_FIELD_LABEL1~Color,1.0,Y,Lenceria de Hombre/XY,"BOXER XY-Art:5002XY<br />Boxer largo algodón con lycra® camuflado anatómico con vivos.<br />
Talles: S | M | L | XL - Talle Especial: XXL<br />
Colores: AZUL | VERDE"
,XY-Art:5002XY,0201032290,0201032280,XY-Art-5002XY-0201032290,TM,VARIOS,,,1.0,Y,,
,XY-Art:5002XY,0201032300,0201032280,XY-Art-5002XY-0201032300,TL,VARIOS,,,1.0,Y,,
,XY-Art:5002XY,0201032310,0201032280,XY-Art-5002XY-0201032310,TXL,VARIOS,,,1.0,Y,,
,XY-Art:5002XY,0201032320,0201032280,XY-Art-5002XY-0201032320,TXXL,VARIOS,,,1.0,Y,,
7248,XY-Art:5050XY,0201032350,,XY-Art-5050XY-0201032350,T2,VARIOS,COM_VIRTUEMART_FIELD_MULTIVARIANT_LABEL,VM_MULTIVARIANT_FIELD_LABEL1~Color,1.0,Y,Lenceria de Hombre/XY,"<p>Art: 5050 XY&nbsp;</p>
<p>Boxer largo niños algodón con lycra® estampado<br /> Talles: 2 - 4 - 6 - 8 - 10 - 12 - 14<br /> Colores: DIBUJOS SURTIDOS</p>"
,XY-Art:5050XY,0201032360,0201032350,XY-Art-5050XY-0201032360,T4,VARIOS,,,1.0,Y,,
,XY-Art:5050XY,0201032370,0201032350,XY-Art-5050XY-0201032370,T6,VARIOS,,,1.0,Y,,
,XY-Art:5050XY,0201032380,0201032350,XY-Art-5050XY-0201032380,T8,VARIOS,,,1.0,Y,,
,XY-Art:5050XY,0201032330,0201032350,XY-Art-5050XY-0201032330,T10,VARIOS,,,1.0,Y,,
,XY-Art:5050XY,0201032340,0201032350,XY-Art-5050XY-0201032340,T12,VARIOS,,,1.0,Y,,
5055,XY-Art:5053XY,0201032410,,XY-Art-5053XY-0201032410,T2,VARIOS,COM_VIRTUEMART_FIELD_MULTIVARIANT_LABEL,VM_MULTIVARIANT_FIELD_LABEL1~Color,1.0,Y,Lenceria de Hombre/XY,"BOXER XY-Art:5053XY<br />Boxer largo niños algodón con lycra® estampado Autitos<br />
Talles: 2 | 4 | 6 | 8 | 10 | 12<br />
Colores: DIBUJOS SURTIDOS"
,XY-Art:5053XY,0201032420,0201032410,XY-Art-5053XY-0201032420,T4,VARIOS,,,1.0,Y,,
,XY-Art:5053XY,0201033160,0201032410,XY-Art-5053XY-0201033160,BOXER,LARGO,,,1.0,Y,,
,XY-Art:5053XY,0201032430,0201032410,XY-Art-5053XY-0201032430,T6,VARIOS,,,1.0,Y,,
,XY-Art:5053XY,0201032440,0201032410,XY-Art-5053XY-0201032440,T8,VARIOS,,,1.0,Y,,
,XY-Art:5053XY,0201032390,0201032410,XY-Art-5053XY-0201032390,T10,VARIOS,,,1.0,Y,,
,XY-Art:5053XY,0201032400,0201032410,XY-Art-5053XY-0201032400,T12,VARIOS,,,1.0,Y,,
5056,XY-Art:5054XY,0201032470,,XY-Art-5054XY-0201032470,T2,VARIOS,COM_VIRTUEMART_FIELD_MULTIVARIANT_LABEL,VM_MULTIVARIANT_FIELD_LABEL1~Color,1.0,Y,Lenceria de Hombre/XY,"BOXER XY-Art:5054XY<br />Boxer largo niños algodón con lycra® estampado Perritos<br />
Talles: 2 | 4 | 6 | 8 | 10 | 12<br />
Colores: DIBUJOS SURTIDOS"
,XY-Art:5054XY,0201032480,0201032470,XY-Art-5054XY-0201032480,T4,VARIOS,,,1.0,Y,,
,XY-Art:5054XY,0201033170,0201032470,XY-Art-5054XY-0201033170,BOXER,LARGO,,,1.0,Y,,
,XY-Art:5054XY,0201032490,0201032470,XY-Art-5054XY-0201032490,T6,VARIOS,,,1.0,Y,,
,XY-Art:5054XY,0201032500,0201032470,XY-Art-5054XY-0201032500,T8,VARIOS,,,1.0,Y,,
,XY-Art:5054XY,0201032450,0201032470,XY-Art-5054XY-0201032450,T10,VARIOS,,,1.0,Y,,
,XY-Art:5054XY,0201032460,0201032470,XY-Art-5054XY-0201032460,T12,VARIOS,,,1.0,Y,,
5057,XY-Art:5055XY,0201032530,,XY-Art-5055XY-0201032530,T2,VARIOS,COM_VIRTUEMART_FIELD_MULTIVARIANT_LABEL,VM_MULTIVARIANT_FIELD_LABEL1~Color,1.0,Y,Lenceria de Hombre/XY,"BOXER XY-Art:5055XY<br />Boxer largo niños algodón con lycra® estampado monitos <br />
Talles: 2 | 4 | 6 | 8 | 10 | 12<br />
Colores: DIBUJOS SURTIDOS"
,XY-Art:5055XY,0201032540,0201032530,XY-Art-5055XY-0201032540,T4,VARIOS,,,1.0,Y,,
,XY-Art:5055XY,0201033180,0201032530,XY-Art-5055XY-0201033180,BOXER,LARGO,,,1.0,Y,,
,XY-Art:5055XY,0201032550,0201032530,XY-Art-5055XY-0201032550,T6,VARIOS,,,1.0,Y,,
,XY-Art:5055XY,0201032560,0201032530,XY-Art-5055XY-0201032560,T8,VARIOS,,,1.0,Y,,
,XY-Art:5055XY,0201032510,0201032530,XY-Art-5055XY-0201032510,T10,VARIOS,,,1.0,Y,,
,XY-Art:5055XY,0201032520,0201032530,XY-Art-5055XY-0201032520,T12,VARIOS,,,1.0,Y,,
7255,XY-Art:5056XY,0201037830,,XY-Art-5056XY-0201037830,T2,BOXER,COM_VIRTUEMART_FIELD_MULTIVARIANT_LABEL,VM_MULTIVARIANT_FIELD_LABEL1~Color,1.0,Y,Lenceria de Hombre/XY,"BOXER XY-Art:5056XY<br />Boxer largo niños algodón con lycra® estampado <br />
Talles: 2 | 4 | 6 | 8 | 10 | 12<br />
Colores: DIBUJOS SURTIDOS"
,XY-Art:5056XY,0201037840,0201037830,XY-Art-5056XY-0201037840,T4,BOXER,,,1.0,Y,,
,XY-Art:5056XY,0201037850,0201037830,XY-Art-5056XY-0201037850,T6,BOXER,,,1.0,Y,,
,XY-Art:5056XY,0201037860,0201037830,XY-Art-5056XY-0201037860,T8,BOXER,,,1.0,Y,,
,XY-Art:5056XY,0201037870,0201037830,XY-Art-5056XY-0201037870,T10,BOXER,,,1.0,Y,,
,XY-Art:5056XY,0201037880,0201037830,XY-Art-5056XY-0201037880,T12,BOXER,,,1.0,Y,,
,XY-Art:5056XY,0201037390,0201037830,XY-Art-5056XY-0201037390,T14,BOXER,,,1.0,Y,,
2660,XY-Art:5100XY,0201032570,,XY-Art-5100XY-0201032570,TS,VARIOS,COM_VIRTUEMART_FIELD_MULTIVARIANT_LABEL,VM_MULTIVARIANT_FIELD_LABEL1~Color,1.0,Y,Lenceria de Hombre/XY,"BOXER XY-Art:5100XY<br />Boxer algodón con lycra® pierna extra larga calce anatómico. ideal bajas temperatura y deportes.<br />
Talles: S | M | L | XL - Talle Especial: XXL <br />
Colores: BLANCO | NEGRO | AZUL | VERDE"
,XY-Art:5100XY,0201032580,0201032570,XY-Art-5100XY-0201032580,TM,VARIOS,,,1.0,Y,,
,XY-Art:5100XY,0201032590,0201032570,XY-Art-5100XY-0201032590,TL,VARIOS,,,1.0,Y,,
,XY-Art:5100XY,0201032600,0201032570,XY-Art-5100XY-0201032600,TXL,VARIOS,,,1.0,Y,,
,XY-Art:5100XY,0201032610,0201032570,XY-Art-5100XY-0201032610,TXXL,VARIOS,,,1.0,Y,,
4993,XY-Art:7000XY,0201032620,,XY-Art-7000XY-0201032620,TS,VARIOS,COM_VIRTUEMART_FIELD_MULTIVARIANT_LABEL,VM_MULTIVARIANT_FIELD_LABEL1~Color,1.0,Y,Lenceria de Hombre/XY,"BOXER XY-Art:7000XY<br />Calza deportiva anatomica con bolsillo.<br />
Talles: S | M | L | XL<br />
Colores: VARIOS"
,XY-Art:7000XY,0201032630,0201032620,XY-Art-7000XY-0201032630,TM,VARIOS,,,1.0,Y,,
,XY-Art:7000XY,0201032640,0201032620,XY-Art-7000XY-0201032640,TL,VARIOS,,,1.0,Y,,
,XY-Art:7000XY,0201032650,0201032620,XY-Art-7000XY-0201032650,TXL,VARIOS,,,1.0,Y,,
,XY-Art:7000XY,0201037370,0201032620,XY-Art-7000XY-0201037370,TXXL,CALZA,,,1.0,Y,,
,XY-Art:7000XY,0201037320,0201032620,XY-Art-7000XY-0201037320,CALZA,VARIOS,,,1.0,Y,,
2658,XY-Art:7050XY,0201032670,,XY-Art-7050XY-0201032670,TS,VARIOS,COM_VIRTUEMART_FIELD_MULTIVARIANT_LABEL,VM_MULTIVARIANT_FIELD_LABEL1~Color,1.0,Y,Lenceria de Hombre/XY,"BOXER XY-Art:7050XY<br />Pantalón escoces viyela con bolsillos y cordón en cintura.<br />
Talles: S | M | L | XL - Talle Especial: XXL<br />
Colores: ROJO | VIOLETA | VERDE | AZUL"
,XY-Art:7050XY,0201032690,0201032670,XY-Art-7050XY-0201032690,TM,VARIOS,,,1.0,Y,,
,XY-Art:7050XY,0201032700,0201032670,XY-Art-7050XY-0201032700,TL,VARIOS,,,1.0,Y,,
,XY-Art:7050XY,0201032710,0201032670,XY-Art-7050XY-0201032710,TXL,VARIOS,,,1.0,Y,,
,XY-Art:7050XY,0201032660,0201032670,XY-Art-7050XY-0201032660,PANTALON,NIÑO,,,1.0,Y,,
,XY-Art:7050XY,0201032720,0201032670,XY-Art-7050XY-0201032720,TXXL,VARIOS,,,1.0,Y,,
,XY-Art:7050XY,0201032680,0201032670,XY-Art-7050XY-0201032680,T14,VARIOS,,,1.0,Y,,
2659,XY-Art:8040XY,0201032730,,XY-Art-8040XY-0201032730,TS,VARIOS,COM_VIRTUEMART_FIELD_MULTIVARIANT_LABEL,VM_MULTIVARIANT_FIELD_LABEL1~Color,1.0,Y,Lenceria de Hombre/XY,"BOXER XY-Art:8040XY<br />Pijama dos piezas viscosa. máxima suavidad 1º piel. Manga larga. cuello en V.<br />
Talles: S | M | L | XL<br />
Colores: GRIS PLOMO-AZUL MELANGE | GRIS PLOMO-ROJO MELANGE"
,XY-Art:8040XY,0201032740,0201032730,XY-Art-8040XY-0201032740,TM,VARIOS,,,1.0,Y,,
,XY-Art:8040XY,0201032750,0201032730,XY-Art-8040XY-0201032750,TL,VARIOS,,,1.0,Y,,
,XY-Art:8040XY,0201032760,0201032730,XY-Art-8040XY-0201032760,TXL,VARIOS,,,1.0,Y,,
,XY-Art:8040XY,0201032770,0201032730,XY-Art-8040XY-0201032770,TXXL,VARIOS,,,1.0,Y,,
